region_id,date,median_sale_price,price_per_sqft,median_rent,days_on_market,inventory,months_of_supply,price_cut_share,list_to_sale_ratio,rent_to_price,gross_rent_multiplier,est_cap_rate,homes_sold,new_listings,sold_above_list
12060,2012-01-01,85000.0,44.747481009,,77.0,42201.0,8.2,0.2171986446,0.9539556607,,,,5172.0,10190.0,0.2126836814
12060,2012-02-01,84900.0,45.34695024,,82.0,41100.0,6.9,0.1939902676,0.953886982,,,,5914.0,10314.0,0.2086574231
12060,2012-03-01,99954.605433079,50.675328802,,71.697554204,43003.297405498,6.420595646,0.2134210358,0.9604157851,,,,7047.154459386,10326.718832783,0.2237908562
12060,2012-04-01,105000.0,52.758132956,,65.0,41489.0,6.0,0.1767456434,0.9660798524,,,,6930.0,11760.0,0.2391053391
12060,2012-05-01,100344.830391013,51.805537302,,74.655842253,40428.899725545,6.302275718,0.211815332,0.964702479,,,,6578.717196507,9203.672411227,0.2302572606
12060,2012-06-01,115000.0,57.111467673,,59.0,39677.0,4.8,0.2227486957,0.972925185,,,,8231.0,10496.0,0.2562264609
12060,2012-07-01,117900.0,57.579452542,,61.0,38146.0,5.0,0.2618623185,0.9738816701,,,,7555.0,9734.0,0.2660489742
12060,2012-08-01,111408.078980344,55.129990292,,71.467207945,33999.9607012,4.954304359,0.2483691567,0.9740160249,,,,6818.002037538,8824.265826816,0.2607023015
12060,2012-09-01,116302.33387257,57.066223715,,65.588519341,32806.940307502,4.806462258,0.2591452718,0.9723483076,,,,6959.260773871,9007.752815277,0.2605771472
12060,2012-10-01,111000.0,56.617999865,,63.0,33774.0,4.8,0.2521762302,0.9756068736,,,,6997.0,9180.0,0.250535944
12060,2012-11-01,125671.957849801,61.165235015,,61.040064808,31371.674518995,4.394521213,0.2159511604,0.9782062795,,,,7155.776598016,9372.981499419,0.2569598602
12060,2012-12-01,127500.0,61.571205815,,63.0,29313.0,4.7,0.1789649644,0.976941564,,,,6277.0,6107.0,0.2601561255
12060,2013-01-01,117000.0,58.932966681,,65.0,29410.0,5.7,0.4731723903,0.973958604,,,,5195.0,9394.0,0.2671799808
12060,2013-02-01,127000.0,63.01163923,,63.0,28747.0,5.1,0.2443037534,0.9806429132,,,,5652.0,9372.0,0.2756546355
12060,2013-03-01,142000.0,68.644442635,,54.0,29915.0,4.3,0.262343306,0.9817454165,,,,7019.0,11486.0,0.2702664197
12060,2013-04-01,146435.399759633,70.37138438,,49.416502991,31434.833021522,4.812688206,0.2847901301,0.9790214581,,,,6780.668130994,9884.723054819,0.2529478097
12060,2013-05-01,160000.0,74.636174636,,39.0,31923.0,3.8,0.3023838612,0.9823113295,,,,8506.0,12009.0,0.264636727
12060,2013-06-01,167900.0,77.534791252,,40.0,33492.0,4.2,0.2933237788,0.9828742152,,,,8002.0,11784.0,0.2585603599
12060,2013-07-01,170000.0,79.369538077,,40.0,34382.0,4.2,0.3208073992,0.9820934892,,,,8280.0,11753.0,0.247705314
12060,2013-08-01,163310.500407652,77.050753974,,46.663645526,32611.394247026,4.559165541,0.3053177362,0.9793277593,,,,7038.151386133,10210.650487902,0.2409289462
12060,2013-09-01,159000.0,76.787133772,,43.0,35070.0,5.2,0.3051040776,0.9780025826,,,,6787.0,10137.0,0.2298511861
12060,2013-10-01,155500.0,75.910821529,,46.0,35105.0,5.1,0.4170346105,0.9744015172,,,,6884.0,10653.0,0.2235618826
12060,2013-11-01,158951.958268346,77.257843881,,45.883024839,34344.326343469,5.005058274,0.4118032961,0.974208631,,,,6970.43041462,11202.075883613,0.23114286
12060,2013-12-01,162943.328648958,78.622114582,,46.231902202,34155.539883061,5.061204646,0.3688524255,0.9737697281,,,,6984.971630671,11018.658085568,0.2220549306
12060,2014-01-01,153450.0,75.287765021,,58.0,31371.0,6.4,0.27149278,0.9699639852,,,,4903.0,9231.0,0.1998776259
12060,2014-02-01,155000.0,75.668136172,,62.0,32030.0,5.9,0.2532625663,0.9700297983,,,,5414.0,9487.0,0.2137052087
12060,2014-03-01,167614.025945606,80.408021168,,50.180342066,35084.619014292,5.580864351,0.3321877405,0.9705583962,,,,6746.646532811,11288.165087576,0.1991708877
12060,2014-04-01,166479.171693394,80.498056042,,47.410510182,34959.518010131,5.174799238,0.3321150626,0.9691756583,,,,7021.21632521,11566.408531463,0.1885152336
12060,2014-05-01,182500.0,86.188792226,,38.0,35650.0,4.2,0.3578401122,0.9734300568,,,,8460.0,13573.0,0.1958628842
12060,2014-06-01,188000.0,87.665126358,,36.0,38367.0,4.5,0.3755831835,0.9726406743,,,,8550.0,13375.0,0.1778947368
12060,2014-07-01,188000.0,87.238219895,,34.0,40678.0,4.7,0.3777471852,0.9727594718,,,,8724.0,13175.0,0.1696469509
12060,2014-08-01,181000.0,85.203230027,,39.0,40790.0,5.1,0.4009070851,0.969292968,,,,8057.0,11574.0,0.1654461959
12060,2014-09-01,176533.283186885,84.591063596,,48.827111578,38707.380026113,5.328920175,0.4661185212,0.9688871707,,,,7246.744911929,10889.911586716,0.1638090591
12060,2014-10-01,173685.0,84.566240753,,52.0,39642.0,5.3,0.8438777055,0.9674851568,,,,7480.0,10831.0,0.1545454545
12060,2014-11-01,175000.0,83.328767123,,55.0,38628.0,6.5,0.5273376825,0.9668859303,,,,5966.0,8270.0,0.1521957761
12060,2014-12-01,178900.0,84.63369479,,56.0,37414.0,5.1,0.3133853638,0.9669005585,,,,7304.0,6782.0,0.1459474261
12060,2015-01-01,181860.271790969,86.023364193,994.4890493212384,69.01595271,40223.549449922,5.63826467,0.4414845333,0.9702131307,0.005468423859303963,15.239004048954653,0.03609159747140617,7403.55814004,11825.180829185,0.1586293318
12060,2015-02-01,185657.157425446,87.452096322,999.1476111504264,69.019447058,40225.337711322,5.695470222,0.4097926225,0.9697613752,0.005381681078208107,15.484628710306284,0.03551909511617351,7665.986416279,11430.527201046,0.1656424693
12060,2015-03-01,184574.307335861,86.972382954,1002.5304686305044,68.551249178,38527.238817225,5.130012054,0.4106202013,0.9686036337,0.005431581909210408,15.342368894782544,0.03584844060078869,7966.572112355,11114.780061297,0.1568944469
12060,2015-04-01,189000.0,89.070707071,1012.2697115197502,62.0,37426.0,4.3,0.4031422006,0.972171569,0.005355924399575398,15.559094400200973,0.03534910103719763,8806.0,14223.0,0.1729502612
12060,2015-05-01,190128.848709297,89.142977933,1020.201040111356,55.52614665,40250.722638042,5.012359688,0.5608843478,0.9697188304,0.005365840307965162,15.530341670741045,0.03541454603257008,8125.729968431,12215.404417743,0.1606022763
12060,2015-06-01,200195.0,92.525399129,1031.0985205530942,52.0,41512.0,4.1,0.3869001734,0.9744890643,0.005150470893644168,16.17975036732449,0.03399310789805151,10174.0,14022.0,0.1750540594
12060,2015-07-01,189364.713809519,89.64884795,1036.6661120970618,64.323770107,40013.854656115,4.634647439,0.4002711466,0.9700121221,0.0054744418389364715,15.222252018577045,0.036131316136980715,8320.889098377,11810.266332709,0.1655714052
12060,2015-08-01,187431.406382208,90.050708047,1039.5219236397977,62.782536621,39891.832807393,4.769521369,0.4106039025,0.970175002,0.0055461458872053514,15.02544920889634,0.03660456285555532,8372.292582,11384.538150506,0.1516088714
12060,2015-09-01,191599.537307413,90.385835805,1039.9627712837655,60.121192426,38900.779184074,4.834532446,0.4137513545,0.9709972161,0.005427793750958757,15.353076619503728,0.0358234387563278,8103.263208212,10795.29908305,0.1573906874
12060,2015-10-01,191952.567583948,90.635102003,1040.560208549594,61.724964881,37952.265475883,4.812290859,0.4319607734,0.9706923759,0.005420923625283201,15.372534109255191,0.03577809592686914,7957.558621684,10590.432869652,0.1612715048
12060,2015-11-01,195780.634137254,91.089549968,1041.2348932639911,61.8274561,37390.113584806,5.149018656,0.4406439323,0.9725675592,0.005318375322729943,15.66894554755831,0.03510127713001763,7554.331160207,10473.955084201,0.1705427983
12060,2015-12-01,191000.0,89.84375,1045.111570601989,72.0,33509.0,4.1,0.375809484,0.9686002731,0.005471788327759104,15.229633959079218,0.03611380296321009,8210.0,6537.0,0.1415347138
12060,2016-01-01,196388.154043612,92.540186525,1048.682005849722,57.93516592,36044.239648271,4.418418247,0.3273884743,0.9736697427,0.005339843489831065,15.605950528705426,0.035242967032885035,8492.725626963,11456.465976755,0.1716348547
12060,2016-02-01,190000.0,90.293453725,1055.497615845953,76.0,33629.0,5.1,,0.9700349454,0.005555250609715542,15.000823398964611,0.036664654024122584,6631.0,11066.0,0.1595536118
12060,2016-03-01,195747.0,91.512542443,1062.1127304461938,63.0,35333.0,3.9,0.3611354824,0.9740065833,0.0054259464024797,15.358303815026508,0.035811246256366024,8953.0,14600.0,0.1827320451
12060,2016-04-01,202367.232484025,92.981231948,1069.855867710042,57.891894771,37587.933738564,4.38017845,0.3423270505,0.972690227,0.00528670503904083,15.762811187297212,0.03489225325766948,8811.214693655,12609.940722141,0.1838016853
12060,2016-05-01,201637.566186938,94.048954177,1078.9803512857798,57.319005713,37985.510901205,4.370290104,0.3518375718,0.9735231773,0.005351087952953459,15.57315709739711,0.03531718048949283,8952.710752242,12114.866623505,0.1888645564
12060,2016-06-01,214250.0,96.892333229,1087.8222731989424,44.0,39204.0,3.6,0.4198296092,0.9785154086,0.005077350166622835,16.412760711511442,0.03351051109971071,10960.0,14793.0,0.2027372263
12060,2016-07-01,204732.440792153,95.100858632,1096.0197427039932,56.651653642,37199.54589636,4.097042198,0.3283956503,0.9755450845,0.00535342488207175,15.566358951334296,0.03533260422167355,8830.113000051,11559.803295095,0.1812216823
12060,2016-08-01,205865.0,95.797027166,1099.710280669923,48.0,38375.0,3.8,0.2496677524,0.9770894514,0.005341900180554844,15.59994206493724,0.035256541191661966,10155.0,12252.0,0.1833579517
12060,2016-09-01,205604.231948169,96.177580784,1100.0306228831823,54.444738754,35883.693197675,4.052897121,0.2131378786,0.9759102456,0.005350233370490595,15.575644567760602,0.03531154024523793,8802.767592649,11487.876845144,0.180564993
12060,2016-10-01,200000.0,96.033105023,1100.8109186273125,55.0,37020.0,4.5,0.2279578606,0.9744379112,0.005504054593136563,15.1403537016599,0.03632676031470132,8194.0,10746.0,0.178057115
12060,2016-11-01,204000.0,97.177232763,1101.123735956545,55.0,35194.0,4.5,0.3830766608,0.9738351383,0.005397665372336005,15.438773540951887,0.035624591457417636,7789.0,8584.0,0.1685710618
12060,2016-12-01,213244.774406977,98.072296847,1103.3164345687608,53.334042039,33685.316141609,3.921150512,0.1935551668,0.9763991699,0.005173943594336735,16.106347472467203,0.03414802772262245,8864.38714724,10979.054920682,0.1811284743
12060,2017-01-01,211901.519956586,98.93250968,1106.694412250809,51.577315934,33698.546246597,4.044892649,0.1882865176,0.9777895174,0.005222682746577497,15.956039716933395,0.03446970612741148,8850.082441152,11461.267300316,0.1832412095
12060,2017-02-01,213151.151695734,98.496963535,1114.6358355436737,50.485752885,33634.215690594,4.288197021,0.2553001031,0.977099282,0.005229321196137745,15.935784054511968,0.03451351989450912,8517.008062709,12196.495590761,0.1851543274
12060,2017-03-01,216630.0,99.214330409,1125.8658199090482,54.0,32770.0,3.2,0.1765334147,0.9776099484,0.005197183307524573,16.034326365337524,0.034301409829662184,10130.0,15229.0,0.1908193485
12060,2017-04-01,215648.342498167,99.712355127,1137.755382556841,50.406780592,34291.415691727,3.924372533,0.1870523021,0.9762626106,0.005275975550642183,15.794867230419621,0.034821438634238415,8951.134177182,12044.526908086,0.1917341437
12060,2017-05-01,212679.141370738,99.397916661,1150.1883195085554,48.98431746,34804.332516283,3.920870308,0.1816552215,0.97586006,0.005408091795441144,15.409008664309432,0.03569340584991155,9087.849376107,12374.206950751,0.1969968588
12060,2017-06-01,214891.976772869,100.250934323,1160.107450421685,49.574081023,34375.421180995,3.667262948,0.1864101604,0.976189928,0.005398561025141788,15.436212158247237,0.0356305027659358,9177.204970099,11861.624990529,0.1974867372
12060,2017-07-01,225000.0,102.714322323,1168.563192715897,40.0,36350.0,3.7,0.2251444292,0.9811508074,0.005193614189848431,16.045345358193675,0.03427785365299965,9949.0,13117.0,0.2110764901
12060,2017-08-01,219900.0,102.629403794,1171.4281021310376,41.0,35638.0,3.5,0.2306526741,0.9773657493,0.0053270945981402345,15.643298949942846,0.03515882434772555,10306.0,12643.0,0.1938676499
12060,2017-09-01,217284.551135763,102.232472739,1173.6777315166814,48.938880945,31843.761602212,3.436903455,0.184664728,0.9785717803,0.005401570085778202,15.427613084710636,0.035650362566136136,9055.450021852,10674.748308377,0.1991015586
12060,2017-10-01,222494.602052566,102.399787016,1170.6875027565834,44.182739885,29882.014859066,3.39660087,0.1889483215,0.9788189305,0.005261644516121788,15.837887390149273,0.0347268538064038,8942.528623074,11099.84415052,0.1932206912
12060,2017-11-01,220939.845003667,103.785532278,1172.8767830086178,39.313002049,28923.880559698,3.200682827,0.1879233271,0.9804223,0.005308579731234768,15.697858476724832,0.03503662622614947,9301.763127491,11468.043924509,0.2034717598
12060,2017-12-01,227852.702382207,105.348737165,1174.07663354715,38.584999931,28517.917736907,3.070695629,0.1924942054,0.9811162907,0.005152787837370998,16.172475165569946,0.03400839972664859,9391.362863545,11223.922373412,0.2130822505
12060,2018-01-01,215000.0,101.824164345,1181.2233052008517,50.0,24798.0,4.1,0.1654972175,0.9757808889,0.005494061884655124,15.167891276594961,0.03626080843872383,6099.0,9494.0,0.1797015904
12060,2018-02-01,229093.759360557,106.620657694,1188.7722389018263,36.314680194,27579.506605574,3.217094932,0.1992648636,0.9809513047,0.005189020609814555,16.05954949874664,0.034247536024776065,9158.586874761,11938.541380935,0.2194124435
12060,2018-03-01,232000.0,106.676149834,1200.199552906094,32.0,25829.0,2.7,0.1885090402,0.9807365965,0.00517327393494006,16.108432374033733,0.034143607970604395,9733.0,13888.0,0.2241857598
12060,2018-04-01,233590.204741462,107.588959118,1211.82855347769,29.131765966,27303.001655544,3.088119073,0.2030844999,0.9814354069,0.0051878397675918985,16.063204930482108,0.03423974246610653,9247.955206523,11793.735552867,0.2318294239
12060,2018-05-01,244550.0,110.353149552,1222.508415817442,22.0,28264.0,2.5,0.2343617322,0.9857181469,0.004999012127652595,16.669960225214435,0.03299348004250713,11123.0,14464.0,0.270071024
12060,2018-06-01,234545.513716737,108.571435654,1230.470771623529,28.014321429,28911.840493078,3.190348301,0.2123784941,0.9804164062,0.005246191888835618,15.884537794104402,0.03462486646631508,9157.553812828,12410.078305917,0.2345783133
12060,2018-07-01,232266.797074326,107.798286708,1235.8904032664122,29.714298544,28936.938309991,3.152513959,0.2170618721,0.9814706371,0.005320994730344191,15.661232073414,0.035118565220271666,9158.791832914,11833.135922551,0.2294563052
12060,2018-08-01,229326.506959919,108.496233519,1237.4185775455069,31.722218226,29116.217738953,3.320488422,0.2206399408,0.9811223921,0.005395881156301653,15.443878565785566,0.03561281563159091,8594.087254354,11642.673046632,0.2224199216
12060,2018-09-01,235090.0,109.399603115,1237.2461438725977,32.0,31562.0,3.7,0.2357898739,0.9805249699,0.005262861643934654,15.834224604664154,0.03473488684996871,8456.0,11162.0,0.2113292337
12060,2018-10-01,235148.424725196,111.710557115,1242.7554625534642,33.478296726,30053.607231185,3.50237763,0.2254563494,0.9809164876,0.005284983150560326,15.767946833377913,0.03488088879369816,8643.092637202,12009.615524245,0.2147442922
12060,2018-11-01,235877.118485832,111.65461012,1248.3010334228063,33.742819615,30123.166112683,3.462297791,0.229362528,0.9799683432,0.0052921667071229115,15.746543513297135,0.034928300267011214,8708.356774745,11643.898545915,0.2067926414
12060,2018-12-01,239498.714064622,112.09668548,1253.9331658375345,34.921438825,30619.932479471,3.782144098,0.2221613655,0.9819297988,0.005235657196469104,15.916499153063885,0.03455533749669609,8347.481291589,11359.586625728,0.2168666813
12060,2019-01-01,244410.184439015,112.313910078,1258.5548722992503,36.642580896,30740.382317248,4.041394308,0.2333679126,0.9811160258,0.005149355274159141,16.183255746893707,0.03398574480945033,8093.55955046,11939.342145464,0.2048704681
12060,2019-02-01,244177.119135552,112.151054216,1265.5225129501434,37.461183323,30261.715540902,3.799003243,0.2387712066,0.9806328012,0.0051828054873872265,16.078807807109815,0.034206516216755696,8682.832037607,12057.374913932,0.2011994498
12060,2019-03-01,244521.143504122,112.926802327,1277.5398181522307,34.21928753,30109.822142021,3.504283393,0.2438841538,0.9784051488,0.0052246599203831,15.950001455256992,0.03448275547452847,8948.788581581,12129.193304323,0.1893976684
12060,2019-04-01,246579.5,114.505035737,1288.646599794956,28.0,29827.0,3.1,0.2441076877,0.9815238846,0.005226089759266103,15.945637593686449,0.03449219241115628,9721.0,14537.0,0.2149984569
12060,2019-05-01,245569.976190484,113.598745104,1299.6164326041865,32.724354924,31088.566797858,3.443282564,0.2477245376,0.9775637663,0.005292244812517709,15.746311118530567,0.03492881576261689,9292.228801915,12760.435280304,0.1916527034
12060,2019-06-01,258500.0,116.345467523,1307.6418970049624,26.0,32392.0,3.1,0.2715794023,0.982540759,0.005058576003887669,16.473674265107245,0.03338660162565862,10481.0,13738.0,0.2182997806
12060,2019-07-01,255000.0,115.678776291,1312.7851235524554,27.0,32635.0,3.0,0.2777692661,0.9827983858,0.005148176955107668,16.186959784017468,0.03397796790371061,10852.0,13642.0,0.2146148175
12060,2019-08-01,247228.286343345,115.32181056,1316.140465022617,35.088181385,31011.050797161,3.294163371,0.2408502435,0.9804065852,0.005323583658201599,15.653615812902395,0.03513565214413056,9214.815060723,12293.892590916,0.1997892018
12060,2019-09-01,250653.356047562,116.621110641,1318.1366212412247,35.153321419,30981.482526565,3.413615175,0.2417049145,0.9813822276,0.005258803001987755,15.846445151460225,0.03470809981311918,9014.374921739,12183.038886594,0.2031752917
12060,2019-10-01,249548.271484327,116.230488303,1315.8013979800764,34.833037367,30765.946521119,3.394746898,0.2323088104,0.9806709021,0.005272732967267681,15.804580632217467,0.0348000375839667,9050.571758834,12083.327834937,0.1969111404
12060,2019-11-01,253544.454145297,116.919009538,1313.1437125685811,36.590681089,30653.654443691,3.338394932,0.2253623058,0.9817939262,0.005179145870081097,16.090169194641444,0.03418236274253524,9054.157353817,12020.551987169,0.2007648885
12060,2019-12-01,255615.606687644,119.331592752,1313.1272578347996,37.488591199,30476.701981547,3.284544205,0.2273237009,0.9820855774,0.005137116918840597,16.22180975241283,0.03390497166434794,9618.323953829,12094.731655059,0.1937527123
12060,2020-01-01,242658.5,115.28150134,1317.8286262515762,53.0,27628.0,4.3,0.2142753728,0.975598351,0.0054307952379643665,15.344591294988557,0.03584324857056482,6475.0,11011.0,0.1624710425
12060,2020-02-01,250000.0,119.499439671,1325.2046010809909,54.0,27068.0,3.6,0.1776636619,0.978858749,0.005300818404323964,15.720842891987582,0.034985401468538166,7577.0,10809.0,0.1786986934
12060,2020-03-01,264697.592739617,120.887720281,1333.5286019777232,41.181472116,31031.730539253,3.653139388,0.1985656476,0.9813961402,0.005037932488073343,16.5411770663093,0.033250354421284066,8983.791495325,11635.668178974,0.2057327127
12060,2020-04-01,270000.0,122.203264855,1338.2580482837493,30.0,29113.0,3.7,0.1801944149,0.9849089448,0.004956511289939812,16.81290094153004,0.03271297451360276,7877.0,10439.0,0.2395582074
12060,2020-05-01,261000.0,119.834816126,1343.4697081674722,33.0,27609.0,3.6,0.2192763229,0.9841972184,0.005147393517883035,16.18942345165904,0.03397279721802803,7691.0,11965.0,0.2401508256
12060,2020-06-01,270000.0,122.934098587,1351.2307236535598,37.0,25300.0,2.3,0.2313438735,0.9850705002,0.005004558235753925,16.651486386546036,0.03303008435597591,10848.0,12654.0,0.2216998525
12060,2020-07-01,279900.0,125.0,1365.7631374741832,33.0,23767.0,2.0,0.2298144486,0.9870045382,0.004879468158178575,17.078364000317666,0.0322044898439786,12054.0,12956.0,0.2520325203
12060,2020-08-01,278801.39353341,125.97665868,1379.697231100988,32.723434468,20070.324143264,1.975763707,0.1969419145,0.986579356,0.004948674085216338,16.8395274973317,0.032661248962427836,10621.65556542,11880.489859611,0.2622430601
12060,2020-09-01,283000.0,128.489828694,1387.762130210178,26.0,20905.0,1.9,0.2275053815,0.9896870799,0.004903753110283314,16.993786485412752,0.032364770527869874,10824.0,11785.0,0.288895048
12060,2020-10-01,285000.0,131.246845028,1393.0287479965496,23.0,20184.0,1.9,0.218737614,0.9908811801,0.004887820168408946,17.049181529209065,0.03225961311149904,10752.0,11789.0,0.3073846726
12060,2020-11-01,288708.240065336,133.064485827,1397.0341186917246,21.438043208,17665.287722998,1.620510204,0.190641644,0.9930898787,0.004838913216940291,17.22149780277029,0.03193682723180592,10884.674032572,11637.00964045,0.3322920691
12060,2020-12-01,290866.435442994,134.53165969,1403.8755405444608,20.805239244,17712.267879574,1.644021018,0.1836673967,0.9956430129,0.004826529875839187,17.265682690681405,0.03185509718053864,10678.269936657,12045.375436245,0.3690973729
12060,2021-01-01,295741.546119544,137.967766894,1418.3357083289902,19.174703048,16854.539844113,1.491888524,0.1815848347,0.9966811264,0.004795862221385945,17.37608994723185,0.03165269066114724,10906.054912057,11310.696608804,0.3811348865
12060,2021-02-01,297619.409789347,139.893564113,1436.1592502560106,17.518538488,15728.165529388,1.602023206,0.1719130275,0.9972117388,0.004825489208759988,17.269406215240007,0.03184822877781592,9760.376801449,10671.433801244,0.3855333003
12060,2021-03-01,303000.0,142.585551331,1454.8757380695015,17.0,13115.0,1.2,0.1600457491,1.00028754,0.004801570092638619,17.355434102918398,0.03169036261141489,10716.0,12598.0,0.4183463979
12060,2021-04-01,313500.0,148.374637914,1475.2780842559278,13.0,13957.0,1.3,0.1491008096,1.007639851,0.004705831209747776,17.70852578832717,0.031058485984335325,10579.0,13018.0,0.4879478212
12060,2021-05-01,325535.0,151.652361993,1501.9730718076669,13.0,14098.0,1.3,0.1547027947,1.012588612,0.004613860481385003,18.061519993842136,0.030451479177141017,10614.0,12129.0,0.5283587714
12060,2021-06-01,325312.573978381,149.934740228,1539.177012210643,16.515826606,13656.832589412,1.523647697,0.1648721151,1.010559378,0.004731378788675198,17.612906735092952,0.03122710000525631,9922.082095882,11469.395517637,0.4789210792
12060,2021-07-01,325967.607776705,153.368982383,1578.770511957181,14.788767077,14348.772385286,1.5508343,0.1742730898,1.011662399,0.0048433355778058585,17.205773169053305,0.03196601481351867,9974.978418944,11919.084399297,0.4917112095
12060,2021-08-01,326770.925264858,156.460385914,1619.6124777069397,14.724967948,14825.187857947,1.528845854,0.1769648963,1.011588223,0.004956415496250755,16.813225888017303,0.03271234227525499,10063.196606936,12201.889752667,0.5184602961
12060,2021-09-01,330000.0,158.102766798,1650.3652343484048,15.0,17075.0,1.7,0.2168081991,1.008577588,0.005001106770752742,16.662978247271134,0.0330073046869681,10344.0,11834.0,0.4908159319
12060,2021-10-01,345853.620060803,162.027805949,1668.7521955903794,16.859605176,15942.11967677,1.56513876,0.1631229395,1.008289396,0.004825024515565294,17.27106941415615,0.03184516180273094,10342.013556912,12113.527254916,0.5070820362
12060,2021-11-01,350169.443148454,165.958308711,1674.2782322752034,18.34279169,16332.934920743,1.492933325,0.1665306115,1.01088707,0.004781337335495018,17.428875539630948,0.031556826414267124,10935.056087881,12829.952098926,0.5381969933
12060,2021-12-01,356536.866043453,166.711288896,1674.0763524238455,17.368167744,17155.148418244,1.639913046,0.1747753321,1.009677401,0.0046953807918977365,17.747939310296584,0.030989513226525066,9784.902567695,12456.237275156,0.538430529
12060,2022-01-01,345000.0,165.449951186,1676.889308904533,23.0,13399.0,2.0,0.1551608329,1.002547289,0.004860548721462414,17.144840656645137,0.032079621561651936,6714.0,9478.0,0.4404229967
12060,2022-02-01,355950.0,171.902442376,1681.7806583046356,20.0,13395.0,1.7,0.1153415454,1.010885238,0.004724766563575321,17.637555678575875,0.03118345931959712,7888.0,10242.0,0.5022819473
12060,2022-03-01,369590.0,177.156177156,1693.5843420909464,16.0,14208.0,1.4,0.1505489865,1.018163192,0.004582332698641593,18.185788508555266,0.030243395811034517,10155.0,12781.0,0.5543082226
12060,2022-04-01,380254.849631615,180.448630774,1706.7621244427744,17.40002894,16143.681059034,1.804791883,0.2040910223,1.020642413,0.004488469051995679,18.566092885564483,0.029623895743171483,8921.738702861,10850.456164256,0.5160607409
12060,2022-05-01,388770.2191468,183.704189885,1726.9799015807812,18.454565193,17256.420716596,2.160182068,0.2147928325,1.020558929,0.004442160990033735,18.759638275221647,0.029318262534222653,8681.102252118,11809.406692205,0.5015199552
12060,2022-06-01,400000.0,188.0,1746.451382753673,15.0,21558.0,2.1,0.2589757863,1.017201759,0.004366128456884183,19.08632193400989,0.02881644781543561,10089.0,15403.0,0.5596193875
12060,2022-07-01,382969.789238143,182.053303915,1767.4218309778223,22.316245698,22425.569252727,2.892599981,0.2427730303,1.000587163,0.004615042441059971,18.056894253434763,0.030459280110995815,7953.386002936,12425.888852393,0.4255888895
12060,2022-08-01,384380.0,182.746998106,1777.8912356155936,23.0,25658.0,2.9,0.3267207109,0.993917884,0.004625347925530968,18.01666267597957,0.030527296308504395,8841.0,12960.0,0.3514308336
12060,2022-09-01,376000.0,180.524035486,1779.3858304089397,29.0,27284.0,3.4,0.3367174901,0.9862765283,0.004732409123428031,17.6090720729929,0.031233900214625004,8087.0,12255.0,0.2824285891
12060,2022-10-01,373974.474073104,178.495162466,1768.75874692885,30.659486154,25941.647930654,3.460598949,0.268207215,0.9852336589,0.004729624264631216,17.619440503236486,0.031215520146566027,7473.975154607,11295.144427555,0.2815597244
12060,2022-11-01,369900.0,175.48,1757.5331088046528,36.0,26032.0,4.3,0.2966733251,0.979926803,0.004751373638293195,17.538787659576407,0.03135906601273509,6122.0,8082.0,0.2190460634
12060,2022-12-01,365000.0,175.368913909,1751.8483201526562,42.0,22604.0,3.7,0.2112015572,0.9786342805,0.0047995844387744005,17.36261428387599,0.031677257295911046,6140.0,6154.0,0.201465798
12060,2023-01-01,369869.414647428,177.803389736,1749.383351799745,38.18396362,24138.137801281,3.69913452,0.2736687516,0.9824160003,0.004729732393437603,17.619037696288366,0.031216233796688184,6624.619072931,9958.024559714,0.2264529263
12060,2023-02-01,374018.247662042,179.19824353,1753.992187024914,39.87840386,22504.59544371,3.224371717,0.2677932005,0.9836494633,0.0046895898742614255,17.769855268304823,0.030951293170125405,7161.811993311,9346.399885031,0.2360185401
12060,2023-03-01,370000.0,179.673321234,1766.2056525669338,41.0,20024.0,2.6,0.2288254095,0.9855405187,0.004773528790721443,17.457385717524673,0.031505290018761525,7831.0,11092.0,0.2616524071
12060,2023-04-01,381000.0,183.170511081,1774.547597780819,31.0,19750.0,2.8,0.1909873418,0.9904179782,0.0046576052435192096,17.891884128498628,0.030740194607226785,7107.0,9854.0,0.306739834
12060,2023-05-01,390000.0,186.638135996,1780.6888261653269,27.0,20131.0,2.4,0.2153395261,0.9938026215,0.0045658687850393,18.251364035336827,0.030134733981259383,8263.0,11341.0,0.3351083142
12060,2023-06-01,384959.053740873,183.580724238,1779.286656948053,32.443846779,19768.654830441,3.058912244,0.2386571064,0.9884313124,0.00462201535373095,18.029653074619407,0.030505301334624275,6778.496115155,9749.446355502,0.294592839
12060,2023-07-01,395000.0,188.172043011,1783.8243966921632,25.0,22100.0,3.1,0.2561538462,0.992955871,0.004516011130866236,18.452862696409877,0.029805673463717156,7039.0,11100.0,0.33257565
12060,2023-08-01,395000.0,187.086700063,1782.523453059414,27.0,22525.0,3.0,0.2889234184,0.9896411527,0.004512717602682061,18.466330196200513,0.029783936177701604,7612.0,11227.0,0.3011035208
12060,2023-09-01,389900.0,186.887254902,1779.0408936812623,29.0,23150.0,3.5,0.2767170626,0.9865020101,0.004562813269251763,18.263586172790898,0.03011456757706164,6529.0,10139.0,0.2669627814
12060,2023-10-01,393739.566315679,186.44637259,1767.156975563522,30.522623218,21622.150654221,3.403583662,0.2490229378,0.9891424696,0.004488136643465269,18.567467961267788,0.02962170184687078,6344.95540122,10236.675997851,0.287062535
12060,2023-11-01,390000.0,183.161953728,1755.1170794394525,35.0,21937.0,3.9,0.2604275881,0.9840968901,0.004500300203690904,18.517283194793944,0.029701981344359966,5596.0,7731.0,0.2337383846
12060,2023-12-01,387137.396339485,188.085892458,1745.5891345833743,35.398874452,20790.88988678,3.262049531,0.2408043932,0.9847126196,0.004508965424390694,18.481697127804953,0.029759171800978583,6336.536944607,9319.907222162,0.240834261
12060,2024-01-01,395695.869788379,188.360904295,1747.9499637523136,35.685147969,21129.331536044,3.189179155,0.246225595,0.9861299122,0.004417407653729441,18.864759575217906,0.029154890514614316,6625.524043774,9160.809512059,0.2453742531
12060,2024-02-01,390000.0,187.711386697,1757.196801282637,49.0,19355.0,3.3,0.2222681478,0.983340922,0.004505632823801633,18.49536715311407,0.029737176637090783,5842.0,9055.0,0.2179048271
12060,2024-03-01,395480.0,190.03931848,1763.6496015049872,37.0,20430.0,2.9,0.2318159569,0.9875326537,0.004459516540672062,18.686629497459997,0.029432809168435613,7061.0,10097.0,0.2659679932
12060,2024-04-01,399681.0,193.923723335,1769.353897962074,32.0,21942.0,2.9,0.2573603136,0.9889158198,0.004426915209784988,18.82424428395157,0.02921764038458093,7446.0,10860.0,0.2778673113
12060,2024-05-01,405000.0,192.353231376,1773.8213169310127,30.0,23833.0,3.0,0.2772626191,0.9891126863,0.004379805720817315,19.026719138990146,0.02890671775739428,8055.0,11135.0,0.287150838
12060,2024-06-01,405522.44195031,189.572020734,1781.1535429037533,42.545904145,23915.653019545,3.94804739,0.271271103,0.9829008903,0.004392244074921022,18.97283755453225,0.02898881089447875,6336.722663974,9166.510680814,0.2258854732
12060,2024-07-01,391422.167748936,189.039155952,1785.017305785412,44.698272283,23667.483831038,3.652199844,0.2685498743,0.981684664,0.0045603377960196385,18.273500135465504,0.030098229453729617,6593.746772011,8780.406975277,0.2176998254
12060,2024-08-01,392037.517930062,188.55036377,1784.518199261801,47.851143575,23938.699441193,3.768050523,0.2750775558,0.9809109518,0.004551906686594604,18.307346584838957,0.030042584131524386,6399.493225379,8675.078614595,0.2030000006
12060,2024-09-01,399414.383057941,189.877830012,1783.047154218823,48.276923727,24354.823122873,3.839809479,0.2647479336,0.9832128446,0.00446415359549074,18.667219115737566,0.029463413730238888,6371.793330814,8679.159078386,0.2115121585
12060,2024-10-01,395000.0,188.729333963,1776.5612428371687,51.0,26685.0,4.1,0.2886640435,0.9791061236,0.004497623399587769,18.528303935134115,0.029684314437279275,6531.0,8795.0,0.1852702496
12060,2024-11-01,396454.117836912,190.469410983,1770.1647475143477,48.582951141,25554.256172384,3.861467495,0.2689190341,0.9834229035,0.0044649927138416924,18.663710933949787,0.029468951911355172,6515.204641937,8766.50151685,0.2150697344
12060,2024-12-01,394000.0,185.147924585,1764.555833086373,60.0,23488.0,3.7,0.1975902589,0.9785648223,0.0044785681042801345,18.607137681727398,0.029558549488248893,6385.0,5375.0,0.1766640564
12060,2025-01-01,396723.707871385,189.875385525,1769.2652849819158,51.135668909,26958.443062764,4.218039839,0.2731090957,0.9816749826,0.004459691341550728,18.68589706128779,0.029433962854234802,6539.034520875,8838.755069009,0.1979578919
12060,2025-02-01,394916.473532287,188.244602008,1781.0195916959915,52.553715706,28157.853094738,4.627942959,0.2870966694,0.9809242553,0.00450986401191588,18.478014661451322,0.02976510247864482,6406.819929855,9551.187978374,0.2023284636
12060,2025-03-01,396812.79049101,188.838924313,1792.6043640171983,54.162839045,29214.763783538,4.798733873,0.2828726369,0.9803151307,0.00451750650930142,18.44675445663494,0.029815542961389375,6356.271578036,9754.800939572,0.1951245139
12060,2025-04-01,395264.139501684,188.556797558,1799.0941853229465,53.089136497,30457.444471531,4.795232952,0.2758764705,0.9792756893,0.00455162511729775,18.308479100494864,0.030040725774165146,6490.933180419,9739.206556422,0.1923222604
12060,2025-05-01,400000.0,190.623549151,1802.5012090848315,41.0,31457.0,4.1,0.3047334457,0.9838357793,0.004506253022712079,18.492821622159898,0.029741269949899726,7646.0,11162.0,0.2334554015
12060,2025-06-01,406000.0,192.616372392,1806.0250573034516,45.0,32491.0,4.2,0.3145486442,0.9826603462,0.004448337579565152,18.73359021045332,0.02935902802513,7673.0,10452.0,0.2090447022
12060,2025-07-01,399900.0,187.163155316,1811.4897044408183,51.0,33319.0,4.7,0.3274708124,0.9804160972,0.004529856725283367,18.396461165804396,0.029897054386870223,7135.0,10185.0,0.1893482831
12060,2025-08-01,395786.866510348,185.920358559,1816.2496629997224,62.235327508,31658.47954245,5.114304955,0.2692806356,0.9763242808,0.004588958898544542,18.159529247421187,0.030287128730393985,6242.955867731,9261.292857758,0.1764195533
12060,2025-09-01,394251.322785954,183.665503797,1818.896231672736,62.170424287,32614.329201533,5.022374025,0.2743914601,0.9766116436,0.004613545032188127,18.062754942658426,0.030449397212441644,6438.582951832,9924.638404405,0.1752159852
12060,2025-10-01,385000.0,182.754182754,1816.367905404872,64.0,35839.0,5.5,0.3067607913,0.9748359493,0.00471783871533733,17.66345531533816,0.031137735521226385,6567.0,10601.0,0.1640018273
12060,2025-11-01,393437.844862653,185.955922034,1810.319751919786,58.79757053,33989.257596584,5.339951409,0.2686279227,0.9780561498,0.004601285248885396,18.11088181362366,0.030368482642643618,6407.837030779,10019.910787291,0.1793753562
12060,2025-12-01,391979.946336073,185.58222141,1804.323906998452,56.691619399,31263.984810377,4.834600714,0.2768492066,0.9775466648,0.004603102592017484,18.103731487072796,0.030380477107315403,6640.403002971,10085.497272743,0.1774660451
12060,2026-01-01,391874.968364873,183.848373113,1805.2480032583392,57.767241263,31691.976460287,5.289272003,0.2753362233,0.9762994185,0.004606693841127104,18.08961832656638,0.03040417935143889,6266.855326137,10551.833599956,0.1808861936
12060,2026-02-01,390000.0,184.223300971,1808.090421025534,78.0,29179.0,5.5,0.2312622091,0.975293791,0.004636129284680856,17.97476476954414,0.030598453278893656,5339.0,9324.0,0.1687581944
12060,2026-03-01,390990.0,185.148514851,1813.6606176839148,60.0,29416.0,4.2,0.280527604,0.9789011284,0.004638636839008452,17.965047971107506,0.030615003137455788,6928.0,11595.0,0.191830254
12060,2026-04-01,395326.14484284,185.288522757,1819.5240692857303,59.235964324,29553.842572896,4.792836777,0.3010750388,0.978151707,0.004602589768023245,18.105748618374907,0.030377092468953416,6428.082511431,9486.30920576,0.1807391915
12060,2026-05-01,405000.0,190.10399435,1828.900404545911,43.0,26672.0,3.7,0.3257723455,0.9840858633,0.004515803468014595,18.45371126613077,0.029804302888896326,7142.0,9679.0,0.22066648
16740,2013-02-01,158000.0,80.624520092,,109.0,15427.0,7.6,0.08880534128,0.9599134469,,,,2042.0,3660.0,0.1709108717
16740,2013-03-01,168340.277766982,84.74324827,,96.119292345,16366.075650126,6.303312448,0.1135524533,0.9613766492,,,,2721.11315466,3619.673567354,0.1626541625
16740,2013-04-01,166231.542128747,85.899772661,,97.881788295,16252.400686487,6.087564324,0.1132547391,0.9618871293,,,,2795.578750311,3722.117946228,0.15096842
16740,2013-05-01,170585.108184138,87.118557131,,100.736335051,16091.556301829,5.794979435,0.1155521853,0.9637451312,,,,2807.16370069,3580.70266118,0.1466553811
16740,2013-06-01,186000.0,92.312179352,,88.0,17288.0,5.2,0.1171332716,0.9674958812,,,,3310.0,3857.0,0.1531722054
16740,2013-07-01,175082.052725193,89.689382423,,98.643077255,16105.888225939,5.95288253,0.1175271388,0.9647819956,,,,2757.652031116,3641.766681709,0.1517641077
16740,2013-08-01,181500.0,91.047812818,,91.0,16962.0,5.1,0.1335337814,0.9675490468,,,,3310.0,3816.0,0.1670694864
16740,2013-09-01,174994.248127053,89.612699932,,98.788420101,16438.451980382,6.310894428,0.1272959217,0.9652939629,,,,2628.922902567,3632.236056585,0.1500741081
16740,2013-10-01,178384.843305987,89.457607694,,97.448804889,16426.271671876,5.965230861,0.1299991495,0.965727165,,,,2737.338936791,3644.512636568,0.1643771663
16740,2013-11-01,174000.0,88.349524122,,103.0,15847.0,6.6,0.1164258219,0.9612777745,,,,2406.0,2686.0,0.1558603491
16740,2013-12-01,180452.781060843,89.689687924,,98.785668119,17531.326136573,6.472221555,0.1373212321,0.9641659447,,,,2803.003068688,4631.337990415,0.1572101431
16740,2014-01-01,182660.796217721,89.650392966,,100.313609122,16763.94938076,6.039225717,0.1443193681,0.9686173406,,,,2853.957248496,3716.942519981,0.1696609918
16740,2014-02-01,178360.980899186,89.91734895,,101.8855077,16802.03293771,6.521521529,0.144090292,0.9617210103,,,,2725.409053325,3671.317532185,0.150660242
16740,2014-03-01,176500.0,89.765100671,,114.0,16911.0,6.5,0.1400863343,0.961443039,,,,2587.0,4535.0,0.1441824507
16740,2014-04-01,179995.0,90.909090909,,95.0,17902.0,6.1,0.1555692101,0.9656645759,,,,2930.0,4618.0,0.1546075085
16740,2014-05-01,180917.568337925,92.284237794,,100.474203442,17046.825048935,6.281944615,0.1511384167,0.9626507231,,,,2759.493515115,3708.962403315,0.12992443
16740,2014-06-01,198900.0,95.777896136,,90.0,18367.0,5.1,0.1733543856,0.9694713898,,,,3578.0,4355.0,0.1447736165
16740,2014-07-01,193000.0,94.339622642,,93.0,18061.0,5.0,0.1865345219,0.9664308315,,,,3586.0,4190.0,0.1369213608
16740,2014-08-01,187000.0,94.571428571,,92.0,17312.0,5.0,0.1632971349,0.9683693746,,,,3486.0,3775.0,0.1445783133
16740,2014-09-01,181000.0,92.537313433,,98.0,16735.0,5.4,0.1720944129,0.9662791498,,,,3123.0,3512.0,0.1341658662
16740,2014-10-01,178000.0,92.110111314,,100.0,15983.0,5.2,0.1693048864,0.9630891819,,,,3093.0,3422.0,0.1189783382
16740,2014-11-01,183173.948839022,93.686190515,,97.520926006,15973.095474032,5.396313537,0.1470308405,0.9665664297,,,,3003.366585056,3853.294470448,0.1516793952
16740,2014-12-01,185000.0,94.282447113,,106.0,13737.0,4.6,0.1105772731,0.9629423804,,,,2960.0,2262.0,0.1239864865
16740,2015-01-01,169000.0,91.815494136,992.214893446558,108.0,13992.0,6.5,0.1447255575,0.9600713372,0.005871094044062474,14.193833842196685,0.038749220690812325,2169.0,3349.0,0.132319041
16740,2015-02-01,181000.0,92.259250102,997.889976782954,108.0,14679.0,6.7,0.1119286055,0.9629890516,0.00551320429161853,15.115226812839339,0.0363871483246823,2203.0,3512.0,0.1343622333
16740,2015-03-01,195000.0,97.3661231,1003.4969207224112,102.0,15859.0,5.0,0.1399836055,0.9675455429,0.005146138054986724,16.19337305818709,0.03396451116291238,3164.0,4895.0,0.1532869785
16740,2015-04-01,191105.817912165,97.387637824,1014.222753071474,88.365839762,15925.382731294,5.145878707,0.1515299515,0.9687137729,0.0053071265132159685,15.702156925374611,0.0350270349872254,3134.379395461,3878.948633123,0.1464649937
16740,2015-05-01,204000.0,99.223468507,1023.2219316792738,75.0,17274.0,4.7,0.1561884914,0.9738132314,0.005015793782741538,16.614186496276748,0.03310423896609415,3653.0,4790.0,0.1784834383
16740,2015-06-01,194580.22395038,97.573290869,1030.5317683928045,87.285459282,15535.298559895,4.732124764,0.1480793345,0.9696274749,0.005296179372553301,15.734613099623571,0.0349547838588518,3344.562430566,3847.722580098,0.1530344246
16740,2015-07-01,195428.122861333,97.40745338,1035.603830842788,84.916693435,15314.931080414,4.617196813,0.1476133773,0.9691651468,0.005299154572433805,15.725778932140086,0.03497442017806312,3330.519029869,3917.458433576,0.1452608684
16740,2015-08-01,194511.687573283,97.65125348,1040.3199395295528,85.035082628,15213.96777634,4.678321754,0.1503007281,0.9699324852,0.00534836724984769,15.581079129468247,0.03529922384899476,3280.571734878,3933.272291959,0.1433354387
16740,2015-09-01,192000.0,98.889669325,1041.9914961430036,80.0,15516.0,4.4,0.1696957979,0.9727965719,0.005427039042411477,15.355211687643322,0.035818457679915754,3548.0,3817.0,0.1592446449
16740,2015-10-01,188000.0,98.47837525,1041.4457458824502,84.0,14990.0,4.8,0.1639092728,0.9684454972,0.005539605031289628,15.043190419287564,0.036561393206511555,3143.0,3466.0,0.1485841553
16740,2015-11-01,203095.729085496,99.649245024,1041.506219269197,86.707708205,14956.734655253,4.993137652,0.1393198289,0.9720764261,0.00512815421554611,16.250161331089952,0.03384581782260433,3036.623686908,3888.233245505,0.1633978587
16740,2015-12-01,194927.164198486,99.446535291,1043.3207939639733,84.383692448,14806.206934612,4.573063685,0.1454102045,0.9736557355,0.005352362243887181,15.569449438611255,0.035325590809655395,3282.423758576,3898.770638978,0.1843244191
16740,2016-01-01,180000.0,95.686667503,1047.089171097848,98.0,12947.0,6.2,0.1226538967,0.9673648781,0.005817162061654712,14.325427493699374,0.0383932696069211,2086.0,3247.0,0.1375838926
16740,2016-02-01,184000.0,97.004318746,1054.1634308861703,104.0,13612.0,5.5,0.1253305907,0.9687585102,0.0057291490809030995,14.545499193083888,0.037812383933960456,2465.0,3598.0,0.1574036511
16740,2016-03-01,200025.454393681,100.293606157,1061.1415745732415,86.291100778,14801.084875857,4.659576879,0.1368775701,0.9709594376,0.005305032690913183,15.708354347386452,0.03501321576002701,3309.769598196,3990.30885892,0.176476029
16740,2016-04-01,202606.269646867,102.238618767,1068.170559586744,79.967864846,14867.683079813,4.25078762,0.143176854,0.9760652699,0.005272149580802776,15.80632947835376,0.034796187233298324,3557.961351154,4126.731442599,0.1893219975
16740,2016-05-01,204607.505143121,102.467206223,1072.549294759998,78.027781809,14758.91669472,4.196405216,0.1361511768,0.9750842589,0.005241984129613232,15.897288368837906,0.03459709525544733,3597.832444927,4061.732578543,0.1962281429
16740,2016-06-01,225000.0,106.865009006,1077.9599134540963,67.0,15810.0,3.4,0.1549652119,0.9806781154,0.004790932948684872,17.3939677774469,0.03162015746132016,4666.0,4979.0,0.2231033005
16740,2016-07-01,208230.507073344,103.576992372,1084.0503314613666,75.977642871,14657.983218789,4.287150899,0.1412372309,0.9786283703,0.0052060111013394255,16.00713707888425,0.03435967326884021,3458.768701352,4041.819737963,0.2118460462
16740,2016-08-01,222000.0,105.901233532,1088.5018514552053,71.0,15367.0,3.6,0.17674237,0.9797217675,0.004903161493041465,16.995836961845832,0.032360865854073675,4240.0,4431.0,0.2122641509
16740,2016-09-01,210000.0,105.060587523,1090.320387679881,70.0,14683.0,3.7,0.165769938,0.9790387471,0.005192001846094671,16.05032814000541,0.034267212184224835,3927.0,3941.0,0.2113572702
16740,2016-10-01,215933.02777125,106.795398479,1092.5013444998472,75.206092877,14118.044153757,3.861001215,0.14045256,0.9793968517,0.005059445309390999,16.470843785712173,0.0333923390419806,3715.499409697,4186.984037216,0.2212504329
16740,2016-11-01,211000.0,105.698529412,1090.3215466423983,74.0,13293.0,4.1,0.1355600692,0.9780818662,0.00516740069498767,16.12674113199038,0.03410484458691863,3261.0,3008.0,0.1901257283
16740,2016-12-01,217977.129144779,107.309575364,1088.9770804773273,73.145470083,13577.859245981,3.619056457,0.1408794536,0.979088481,0.004995831832219589,16.680572151346677,0.03297249009264929,3756.577792344,4125.169170633,0.2204784713
16740,2017-01-01,223686.419269505,109.179440573,1091.9888901674176,72.557120073,13605.277823069,3.689722593,0.1436173477,0.9804420279,0.004881784480852869,17.070260610680347,0.03221977757362894,3785.20088397,4214.727353208,0.2180381896
16740,2017-02-01,217211.624493259,109.293732025,1101.5537662587192,71.453703265,14028.531354278,4.115535834,0.1499107589,0.9810628372,0.005071338925016442,16.43221535091212,0.03347083690510852,3628.78720098,4325.233051136,0.2302424836
16740,2017-03-01,225490.953878176,110.293149023,1116.053429504564,64.319032215,14084.873997538,3.780299096,0.1451239651,0.9811524073,0.004949437706079883,16.836929421491007,0.03266628886012723,3823.318260219,4245.561568753,0.2375012163
16740,2017-04-01,227550.803328751,109.857870767,1128.39900985358,69.179352261,14123.176452914,3.872620034,0.1503562836,0.981889953,0.0049588882717471255,16.804841885250454,0.03272866259353103,3719.148233636,4233.684697296,0.2452484591
16740,2017-05-01,221699.154734913,109.392434593,1139.0783851063145,70.903147201,14055.709720898,3.899533773,0.1485559068,0.9791973843,0.005137946450307027,16.21919070961777,0.03391044657202638,3676.926968393,4256.599104357,0.23915065
16740,2017-06-01,248000.0,113.636363636,1146.7959441434705,63.0,14835.0,3.0,0.1746545332,0.9857806996,0.004624177194126897,18.02122406536969,0.030519569481237525,4935.0,5053.0,0.2616008105
16740,2017-07-01,240000.0,113.636363636,1150.691632481507,62.0,14851.0,3.5,0.1758804121,0.9861086643,0.004794548468672946,17.38085116415533,0.03164401989324144,4228.0,4772.0,0.2533112583
16740,2017-08-01,230500.0,112.359550562,1151.5252809926485,61.0,14556.0,3.3,0.1905743336,0.9846239704,0.004995771284132965,16.68077431767298,0.03297209047527757,4408.0,4728.0,0.2577132486
16740,2017-09-01,229833.257404509,112.123227243,1152.4814562139263,65.334572602,13588.801308071,3.60679616,0.1573258034,0.9822530003,0.00501442423619984,16.618724186066704,0.03309519995891895,3819.070171972,4332.040413256,0.2375743322
16740,2017-10-01,225000.0,112.341772152,1148.6601468014487,64.0,13589.0,3.7,0.1784531606,0.9805962992,0.005105156208006439,16.32336601231541,0.0336940309728425,3654.0,3766.0,0.2211275315
16740,2017-11-01,232791.32361963,114.910440867,1150.836076515378,64.521136916,13090.297388672,3.428635661,0.1530113918,0.9840321539,0.004943638184710825,16.85668129821031,0.03262801201909145,3874.034678441,4272.705286357,0.2584281408
16740,2017-12-01,245150.697335453,116.448180356,1151.5534203076922,64.831207327,12872.945075859,3.382449257,0.1570576055,0.9832876154,0.004697328756654358,17.740579305904696,0.031002369793918762,3784.131888752,4320.265410951,0.2503100711
16740,2018-01-01,234164.439614383,116.298352517,1155.4060824990831,63.528242213,12592.655009317,3.496731425,0.1541166215,0.9833011311,0.0049341654283706834,16.88904325221437,0.032565491827246516,3707.50841105,4197.099059338,0.2469626953
16740,2018-02-01,241327.804048637,116.338040297,1162.9276878555756,62.280852793,12159.297741628,3.418615051,0.1753118835,0.9843370435,0.004818871544619866,17.29312196054959,0.03180455219449112,3715.36461352,4355.159346549,0.2608628172
16740,2018-03-01,239035.731311758,117.098704881,1169.5069337105658,58.424813064,11897.1964836,3.283968886,0.1779381908,0.9834151563,0.004892602989907219,17.032514901625735,0.032291179733387645,3769.288994358,4342.466399583,0.251152253
16740,2018-04-01,245000.0,118.187309407,1180.4698100716312,50.0,12121.0,3.1,0.1734180348,0.9843937408,0.004818244122741352,17.295373835462833,0.03180041121009292,3951.0,5121.0,0.2563907871
16740,2018-05-01,242875.91879715,119.49288421,1186.490372791772,55.937738834,11820.810663953,3.116682868,0.1878160553,0.9809983357,0.004885170908124197,17.05842741238537,0.0322421279936197,3825.841872536,4385.014542801,0.2431915048
16740,2018-06-01,253955.0,121.651785714,1195.8302276493566,49.0,12828.0,2.7,0.2183504833,0.9872017853,0.004708827263292145,17.69725850488544,0.031078259937728156,4783.0,5145.0,0.2937486933
16740,2018-07-01,238416.081846087,119.839318524,1200.824532713083,55.742902026,11830.553536881,3.135790434,0.1945095158,0.9818204837,0.005036675896252221,16.545303896830344,0.03324206091526466,3811.363735038,4336.086511076,0.2384792582
16740,2018-08-01,250000.0,121.348991268,1202.9459546407184,52.0,12744.0,2.8,0.2561205273,0.9828779023,0.004811783818562874,17.318594615961434,0.031757773202514966,4542.0,4842.0,0.2364597094
16740,2018-09-01,239907.674059109,119.748904601,1198.1326668439012,56.708311415,11759.559317355,3.159236229,0.1982974684,0.9822913317,0.004994140648242468,16.686220754047028,0.03296132827840029,3720.407524045,4158.287566446,0.2363009479
16740,2018-10-01,238000.0,119.545245751,1197.891972021216,59.0,12135.0,3.4,0.2454882571,0.9780636415,0.00503315954630763,16.556863053242054,0.03321885300563036,3551.0,4078.0,0.2081103914
16740,2018-11-01,242875.0,120.491871746,1201.6941446323594,61.0,11519.0,3.5,0.2021008768,0.9777350349,0.004947788552269107,16.84254136024382,0.03265540444497611,3324.0,3330.0,0.2111913357
16740,2018-12-01,240000.0,120.656832686,1209.484919845602,65.0,10319.0,3.3,0.127434829,0.9769605004,0.005039520499356675,16.535964749815253,0.033260835295754056,3133.0,2227.0,0.1873603575
16740,2019-01-01,245816.525299421,123.172360664,1217.564677959091,57.515324625,12177.429229509,3.574759361,0.2146580799,0.9814979396,0.004953144124366804,16.82433041335869,0.032690751220820914,3601.256198778,4417.518411178,0.2164371391
16740,2019-02-01,239000.0,120.0,1222.8604537496117,73.0,11122.0,4.0,0.1686746988,0.9772353062,0.005116570936190844,16.286949672464203,0.033769368178859574,2802.0,3983.0,0.1909350464
16740,2019-03-01,250177.610185024,123.290396676,1231.759534568483,56.877675539,12119.151494338,3.319288284,0.2098946539,0.9795571624,0.004923540254691497,16.925490403765348,0.03249536568096388,3841.445764315,4348.911757026,0.2156341343
16740,2019-04-01,258000.0,126.423808412,1238.9148781230583,52.0,12286.0,2.9,0.1961582289,0.9829243812,0.004801995651639761,17.35389604213346,0.03169317130082243,4165.0,5132.0,0.2367346939
16740,2019-05-01,257960.229164861,125.621641104,1247.4237155170306,56.693277951,12024.104611648,3.040344543,0.2091486927,0.9789370569,0.004835721070474816,17.232866023256978,0.03191575906513379,3997.692173081,4557.799176902,0.2220713677
16740,2019-06-01,270000.0,128.354111973,1253.982964159361,52.0,12911.0,2.8,0.2092789095,0.9842197105,0.0046443813487383745,17.942827488955114,0.030652916901673273,4683.0,5047.0,0.2395900064
16740,2019-07-01,267500.0,128.057553957,1258.9586667097851,52.0,12799.0,2.8,0.234393312,0.9845410122,0.004706387539102,17.706432511342594,0.0310621577580732,4615.0,4896.0,0.2355362947
16740,2019-08-01,255258.133321354,127.915308973,1260.4804427077854,56.937944016,11660.809285904,2.885500711,0.2028139867,0.9813986613,0.004938061821211078,16.87571690078508,0.032591208019993115,4018.298268559,4394.067799662,0.2197262177
16740,2019-09-01,264530.0,129.262926293,1264.6874267548749,55.0,12235.0,3.0,0.2249284839,0.9823909424,0.004780884688900597,17.43052567797792,0.03155383894674394,4097.0,4198.0,0.230656578
16740,2019-10-01,259000.0,128.926265695,1264.283675471821,56.0,11993.0,2.9,0.2315517385,0.9807293204,0.004881404152400853,17.07159061852048,0.032217267405845636,4176.0,4466.0,0.2234195402
16740,2019-11-01,260000.0,128.909641281,1263.1578084864166,58.0,11112.0,3.1,0.1889848812,0.9792108605,0.004858299263409294,17.152778948996744,0.032064775138501346,3534.0,3201.0,0.1983588002
16740,2019-12-01,272464.210630015,131.063474228,1260.3039014230594,55.639386348,11129.982756126,2.747847328,0.1824981298,0.9837066561,0.004625575955494768,18.01577449708524,0.03052880130626547,4197.891139198,4382.009839345,0.2258224188
16740,2020-01-01,260000.0,129.078694818,1264.5065123101854,69.0,9951.0,3.6,0.1739523666,0.9780858675,0.0048634865858084055,17.13448405028997,0.032099011466335474,2790.0,4002.0,0.2082437276
16740,2020-02-01,274605.49578369,134.142914272,1269.1237721938878,55.133432765,11401.558663039,2.732177753,0.167549584,0.9854158512,0.004621625538017606,18.031173804072026,0.0305027285509162,4146.73991537,4460.420230583,0.2282546913
16740,2020-03-01,278535.594179134,134.38792351,1280.331501533872,54.148549773,11373.817344241,2.85245632,0.1660589564,0.9839899076,0.004596653096732962,18.129132562246628,0.030337910438437553,4200.51316073,4544.887585047,0.2275703746
16740,2020-04-01,279227.260982655,133.801917464,1278.963353309489,55.45101046,10905.816131272,3.338047088,0.1453519274,0.983224507,0.004580367077371202,18.193592767931744,0.03023042271064993,3224.33390143,3158.533669248,0.2399428252
16740,2020-05-01,265564.119303692,133.00116725,1283.598954241779,59.735067504,10544.569052853,3.270300889,0.1584523627,0.9799620281,0.004833480357238658,17.240854865279978,0.031900970357775144,3225.884650522,4226.283106681,0.2132813325
16740,2020-06-01,287500.0,136.543298599,1284.5182517489632,52.0,10580.0,2.2,0.1513232514,0.9862399872,0.004467889571300741,18.65160989399127,0.029488071170584898,4867.0,4849.0,0.2496404356
16740,2020-07-01,292000.0,138.44568478,1297.3228045193468,49.0,10059.0,1.9,0.1413659409,0.9898573944,0.004442886316847078,18.75657565608641,0.02932304969119072,5355.0,5230.0,0.2965452848
16740,2020-08-01,290037.895824524,138.915686866,1305.677672704619,51.076220962,9019.713001875,2.146589124,0.1274738604,0.9918417145,0.0045017485352830166,18.51132569493785,0.029711540332867912,4404.726375989,4555.282517804,0.3213352908
16740,2020-09-01,296747.924297108,141.408966576,1310.9053270583606,45.57040764,8981.187233405,2.000890783,0.1180838913,0.9928916113,0.0044175720189566165,18.864057671439117,0.02915597532511367,4525.652648725,4658.979316474,0.3478278108
16740,2020-10-01,295000.0,143.27845048,1314.6361672047192,43.0,9409.0,2.0,0.1402912105,0.9937646584,0.004456393787134642,18.699723882999745,0.029412198995088637,4765.0,4861.0,0.3660020986
16740,2020-11-01,301026.166715746,145.992620089,1318.9468463311732,40.812356101,8726.447319848,1.8744067,0.1180606369,0.9980203199,0.004381502314968628,19.019351661333086,0.028917915278792946,4715.393258926,4559.57104475,0.4085024111
16740,2020-12-01,296820.0,145.77424844,1323.5186872863949,45.0,7277.0,1.6,0.09248316614,0.9941567542,0.004458994297171333,18.688818101022868,0.029429362361330796,4560.0,2992.0,0.350877193
16740,2021-01-01,293950.0,147.247119078,1330.6449359986448,47.0,7147.0,2.2,0.1004617322,0.9957101277,0.0045267730430299195,18.40899301581852,0.029876702083997474,3211.0,3865.0,0.3737153535
16740,2021-02-01,300000.0,149.16159899,1337.9550602761665,43.0,7056.0,2.1,0.0860260771,0.997602126,0.004459850200920555,18.68523147170561,0.029435011326075667,3346.0,4002.0,0.3947997609
16740,2021-03-01,313447.480351694,154.903907314,1349.598052584514,35.71347456,7567.591637402,1.736312516,0.1156033166,1.003230168,0.0043056592800498495,19.354372446388403,0.028417351248329007,4430.840740183,4547.249728262,0.469837025
16740,2021-04-01,322019.5,159.965841683,1368.0930401018177,34.0,7248.0,1.6,0.09657836645,1.012584818,0.0042484788657265096,19.61486357048947,0.028039960513794964,4548.0,5111.0,0.5329815303
16740,2021-05-01,322405.074717045,160.584152747,1394.728955973589,37.33971454,7005.580093648,1.641665682,0.1089651299,1.012765411,0.004326014276287854,19.263305206852326,0.028551694223499843,4334.242241495,4566.719992502,0.4780260415
16740,2021-06-01,325673.549808873,163.984985604,1425.8652007134062,36.725475805,6917.104254664,1.630204867,0.1175600137,1.017057619,0.004378203884074096,19.033680372095482,0.02889614563488904,4381.20667266,4558.35357862,0.5065856636
16740,2021-07-01,337000.0,169.18480998,1456.7209980167008,32.0,7925.0,1.6,0.156466877,1.020711322,0.0043226142374382815,19.27845714558126,0.02852925396709266,4982.0,5558.0,0.5734644721
16740,2021-08-01,342190.0,172.413793103,1484.9927943033938,33.0,7755.0,1.5,0.1671179884,1.01901155,0.004339673264278307,19.202674546787975,0.02864184354423683,5185.0,5164.0,0.5660559306
16740,2021-09-01,344469.812854147,173.090287512,1506.995997966172,33.698230642,6730.187730105,1.491068702,0.1387929296,1.016362663,0.004374827464501958,19.048370252201526,0.028873861265712925,4616.896790724,4454.759536765,0.5461773365
16740,2021-10-01,349860.542562177,176.29465121,1520.449562874723,33.545296045,6549.736384725,1.524214865,0.1355717128,1.01425355,0.0043458732206262144,19.17527942090439,0.02868276325613302,4395.592608825,4476.29575666,0.5599955066
16740,2021-11-01,360000.0,179.226410048,1527.6409248969694,34.0,6446.0,1.4,0.1531182128,1.010680585,0.004243447013602693,19.638122749312522,0.028006750289777775,4474.0,3750.0,0.4926240501
16740,2021-12-01,366409.536728441,183.979978333,1537.943187386798,30.146922562,6302.116973267,1.256360817,0.1496038744,1.012863215,0.0041973339480151734,19.85387256897675,0.027702404056900148,4604.952233137,4264.927254749,0.5760201911
16740,2022-01-01,356500.0,184.134409333,1545.0892659635565,38.0,4657.0,1.4,0.1071505261,1.007161051,0.004334051236924422,19.22758379581808,0.02860473816370119,3346.0,2923.0,0.4748953975
16740,2022-02-01,367660.0,187.71331058,1553.4814318783806,33.0,4377.0,1.2,0.10235321,1.013550616,0.004225320763418323,19.72236854887105,0.027887117038560928,3505.0,3025.0,0.5058487874
16740,2022-03-01,379000.0,192.812767225,1561.2290669099143,29.0,4504.0,1.0,0.1341030195,1.021002834,0.004119337907414022,20.22978818594834,0.027187630188932544,4364.0,3958.0,0.5522456462
16740,2022-04-01,389299.361763626,198.612839379,1578.4844514712654,28.899430574,5404.198834454,1.26924566,0.1935443355,1.027166372,0.004054680296212986,20.552380766287666,0.02676088995500571,4067.586115759,4050.40487413,0.5349552428
16740,2022-05-01,401000.0,204.021289178,1603.6708849614251,24.0,5958.0,1.3,0.2181940248,1.030804383,0.003999179264242955,20.837608876007295,0.02639458314400351,4454.0,4744.0,0.6257296812
16740,2022-06-01,395074.240288315,202.166833306,1631.7498621455168,29.724774301,6808.551708102,1.760411603,0.2347492561,1.017928834,0.0041302360309665035,20.176409461478833,0.027259557804378925,4001.916235197,4122.412425533,0.4892936133
16740,2022-07-01,395000.0,202.44192972,1657.592893406349,29.0,8627.0,2.1,0.3180711719,1.008468682,0.0041964377048262,19.858112807797458,0.027696488851852927,4019.0,5036.0,0.4819606867
16740,2022-08-01,400000.0,202.349330946,1667.3729521788118,34.0,8700.0,2.1,0.3466666667,0.9959845553,0.0041684323804470295,19.991528163975286,0.027511653710950396,4199.0,4255.0,0.3612764944
16740,2022-09-01,390000.0,201.180257511,1664.596047420481,39.0,8734.0,2.1,0.3487520037,0.9889030363,0.004268194993385849,19.5242563806175,0.028170086956346603,4079.0,3849.0,0.276048051
16740,2022-10-01,389000.0,200.364298725,1657.0389556007883,43.0,8699.0,2.6,0.354293597,0.9836529999,0.004259740245760381,19.56300819428439,0.028114285622018516,3386.0,3423.0,0.2471943296
16740,2022-11-01,392000.0,196.80462963,1652.5584221246188,46.0,8341.0,2.8,0.3197458338,0.9818217036,0.004215710260521987,19.76732939018799,0.027823687719445114,2982.0,2738.0,0.2119382964
16740,2022-12-01,392560.06374695,199.015813466,1651.7112474905264,46.341638961,8414.480326599,2.740581915,0.2864277794,0.9826020661,0.004207537648443128,19.805724938472817,0.027769748479724646,3132.223659949,3602.811129652,0.2130465845
16740,2023-01-01,383500.0,192.173305381,1652.194029360642,60.0,7117.0,3.3,0.2897288183,0.9743179383,0.004308198251266341,19.342966240896306,0.028434108458357855,2128.0,2625.0,0.1546052632
16740,2023-02-01,377256.198854478,198.913578237,1656.2033725847734,50.83549937,7859.037950863,2.413317382,0.2691389742,0.9842562044,0.004390128982939876,18.98197835579962,0.028974851287403187,3314.65824382,3513.110323819,0.2146797388
16740,2023-03-01,381527.147370752,198.426848198,1667.8605977666552,50.654807058,7692.908698985,2.274897396,0.2522712437,0.9836329543,0.00437153845869295,19.062701637136975,0.02885215382737347,3321.001371786,3596.492823391,0.2325246463
16740,2023-04-01,384000.0,200.878563797,1675.777907579638,41.0,7031.0,2.1,0.1908690087,0.9915602337,0.004364004967655307,19.095609182614353,0.028802432786525032,3367.0,3778.0,0.2949212949
16740,2023-05-01,388485.382992932,201.254798684,1687.9103509511176,46.727207167,6805.417764491,2.171781256,0.2254027381,0.9888516032,0.004344849059563786,19.17979938794464,0.028676003793120984,3232.769389763,3407.469743299,0.2677511583
16740,2023-06-01,400000.0,206.982260184,1693.7318092209912,36.0,7037.0,1.8,0.2292169959,0.9974326422,0.004234329523052478,19.680408168436387,0.027946574852146355,4012.0,4052.0,0.3452143569
16740,2023-07-01,400000.0,208.211226544,1701.1351267199557,37.0,7063.0,2.1,0.2351691916,0.9951565252,0.004252837816799889,19.59475929322852,0.028068729590879273,3301.0,3642.0,0.3238412602
16740,2023-08-01,399403.0,209.877064774,1702.6099018970322,37.0,7336.0,2.0,0.2498636859,0.9937201936,0.004262887113759867,19.548566759919037,0.02813505495081512,3719.0,4042.0,0.3194407099
16740,2023-09-01,391924.870954784,208.772426639,1697.9249641379215,40.919826208,6900.571028145,2.405439087,0.2333997259,0.9909629178,0.004332271539699785,19.23548248757928,0.028592992162018584,3043.59670604,3597.345463834,0.2997071723
16740,2023-10-01,395444.953803249,208.505853755,1691.1201524998332,41.015617695,7341.159096819,2.520890625,0.2376649146,0.9910932394,0.004276499513358916,19.48634229304059,0.028224896788168845,3070.350923396,3702.912082923,0.2881915825
16740,2023-11-01,385500.0,204.866437256,1679.527678091506,43.0,8040.0,2.9,0.2446517413,0.9844278204,0.004356751434738018,19.127401363521756,0.02875455946927092,2733.0,2985.0,0.218075375
16740,2023-12-01,383137.691576752,210.119411137,1676.8859910819444,43.008130072,8318.655583129,2.876537633,0.2432102986,0.9862588259,0.0043767189392955414,19.04013816951799,0.028886344999350576,2919.659350959,3778.834076968,0.2424549486
16740,2024-01-01,393612.603835079,210.489244881,1676.039440278807,44.069946428,8571.177149267,2.836566665,0.2540343557,0.9861932303,0.004258093932838228,19.57057186800658,0.02810341995673231,3089.544464872,3749.501293883,0.2275205204
16740,2024-02-01,395000.0,210.2402746,1681.9692593987374,56.0,7722.0,2.9,0.216006216,0.9861792915,0.004258150023794272,19.5703140724662,0.028103790157042195,2701.0,3652.0,0.2321362458
16740,2024-03-01,395000.0,211.916461916,1684.0496175960354,47.0,8214.0,2.5,0.2363038714,0.9895156298,0.004263416753407684,19.546138262633193,0.028138550572490723,3323.0,4256.0,0.2569966897
16740,2024-04-01,398093.953310026,211.247391532,1691.2782213594387,49.754848187,8883.325999349,2.888714598,0.2596605573,0.9891211315,0.004248439865255406,19.615043633981983,0.028039703110685685,3181.70468287,3828.469974844,0.2507911064
16740,2024-05-01,410000.0,216.955838599,1699.22403766566,41.0,9609.0,2.6,0.2844208554,0.9924365133,0.004144448872355268,20.10721712341343,0.027353362557544777,3761.0,4831.0,0.295931933
16740,2024-06-01,403554.362758449,212.116752462,1709.407894162144,50.288481968,9671.121956529,3.213119061,0.263284409,0.9848560331,0.0042358800992205485,19.673204005152943,0.027956808654855624,3095.131049143,3999.289323669,0.2281786626
16740,2024-07-01,415000.0,216.9614953,1714.473956598267,45.0,10695.0,2.9,0.3199625993,0.9873001629,0.00413126254601992,20.171396130129057,0.027266332803731474,3651.0,4396.0,0.2391125719
16740,2024-08-01,399580.158165547,212.133586393,1715.229453157578,51.642623912,10215.20369351,3.347805187,0.2728063709,0.9829928106,0.004292579143649456,19.413348139805098,0.028331022348086415,3118.715728985,3946.470901832,0.1981704584
16740,2024-09-01,400000.0,215.990713431,1710.9461676101885,54.0,11335.0,3.7,0.2883987649,0.9840726204,0.004277365419025471,19.48239749698998,0.028230611765568115,3097.0,4023.0,0.1876009041
16740,2024-10-01,400000.0,212.51751518,1702.6327005379426,53.0,11120.0,3.4,0.3069244604,0.9814243478,0.004256581751344857,19.57752445539296,0.02809343955887605,3244.0,3689.0,0.1744759556
16740,2024-11-01,403592.730015615,213.74067769,1697.602260873324,56.041458291,10808.336081436,3.314051761,0.262239448,0.9848022555,0.004206226065587564,19.8119007475868,0.02776109203287792,3371.641911151,4095.934135093,0.2035043068
16740,2024-12-01,402952.304390314,212.056849602,1695.080604702348,56.056981995,10878.374917004,3.34858757,0.2854933792,0.9829240705,0.0042066532099055386,19.809889043647743,0.027763911185376557,3337.194962343,4063.122710454,0.194311855
16740,2025-01-01,395000.0,210.413694722,1698.977478762207,74.0,9848.0,4.3,0.2639114541,0.9775321631,0.004301208806992929,19.37439847092509,0.028387978126153332,2316.0,3360.0,0.1506908463
16740,2025-02-01,404494.224171635,213.312712592,1708.3453222269295,56.370220011,11598.517648554,3.656691995,0.2983037063,0.984150234,0.0042234109169925855,19.731287097366664,0.027874512052151072,3306.554179722,4155.230740008,0.1901695273
16740,2025-03-01,406000.0,212.985436893,1716.6346648592887,60.0,11361.0,3.4,0.27823255,0.9832264933,0.00422816419916081,19.709105277858658,0.027905883714461344,3360.0,4963.0,0.1863095238
16740,2025-04-01,406698.306424666,213.776369721,1725.359588922857,56.328134086,12400.888630958,3.765457131,0.286723054,0.9824974188,0.0042423574469505464,19.643166417585643,0.027999559149873607,3320.19543516,4130.511272196,0.1874633448
16740,2025-05-01,409057.964096813,212.026968951,1729.189981574875,60.845451433,12876.215066661,3.945763949,0.2846808507,0.9802685429,0.004227249273566575,19.713371022244946,0.0278998452055394,3303.407242855,4285.339801449,0.175529746
16740,2025-06-01,425000.0,217.5213687,1734.0791737723575,53.0,13607.0,3.5,0.3193209378,0.9854119376,0.004080186291229077,20.42390405371192,0.026929229522111905,3895.0,4616.0,0.1989730424
16740,2025-07-01,421250.0,214.365567356,1734.5639599818278,55.0,13812.0,3.8,0.3223284101,0.9833598698,0.00411765925218238,20.23803530832869,0.027176551064403715,3662.0,4493.0,0.1744948116
16740,2025-08-01,415900.0,211.740041929,1732.1173691830045,60.0,13751.0,3.9,0.3101592611,0.9796938455,0.0041647448165015736,20.009229137677192,0.02748731578891039,3525.0,4148.0,0.1628368794
16740,2025-09-01,411816.697664982,210.866073658,1727.3860737196298,66.563471671,13017.517075481,4.097593676,0.278026156,0.9821215951,0.004194550836607601,19.86704574088087,0.02768403552161017,3256.687612208,4158.760598,0.1566577982
16740,2025-10-01,416119.515370032,210.894462975,1721.4660066929723,67.686379769,13074.664865508,3.951016703,0.292313851,0.9812080037,0.004136950907390556,20.14366019777041,0.027303875988777676,3265.046470141,4180.383389829,0.1505682811
16740,2025-11-01,410000.0,208.672970329,1716.6336302339646,68.0,12879.0,4.8,0.2510288066,0.9784745843,0.004186911293253572,19.903295650808143,0.027633614535473583,2679.0,2898.0,0.1410974244
16740,2025-12-01,417674.936102131,211.639810268,1710.8875099795218,67.354509904,12719.581361431,3.827358596,0.2837631237,0.9806423573,0.004096217805037675,20.343970291532603,0.02703503751324865,3423.067112411,4093.268376694,0.1766710458
16740,2026-01-01,413214.737492085,211.977329892,1710.646223953869,66.694295061,12845.409693593,4.286691838,0.2872301713,0.9804657921,0.004139848046892654,20.129563305079,0.027322997109491518,3181.895150515,4182.259343439,0.1752483002
16740,2026-02-01,400000.0,207.053827977,1715.177439202651,91.0,11909.0,4.8,0.2408262658,0.9777146627,0.0042879435980066275,19.43433523054576,0.028300427746843743,2463.0,3792.0,0.1571254568
16740,2026-03-01,405000.0,207.851944744,1724.228228906273,75.0,12744.0,3.8,0.2892341494,0.9815407399,0.004257353651620427,19.573974856802216,0.02809853410069482,3324.0,5158.0,0.1783995187
16740,2026-04-01,410000.0,215.424787486,1731.397721305808,57.0,13617.0,3.9,0.3009473452,0.9836573354,0.004222921271477581,19.73357492979626,0.027871280391752035,3529.0,5458.0,0.1963729102
16740,2026-05-01,413932.297231636,212.11317684,1737.498230676674,65.004157991,13250.676112615,3.914323273,0.3103159041,0.9805801783,0.00419754206737913,19.852888189245753,0.02770377764470226,3355.977240989,4162.143275778,0.1698778628
18140,2012-01-01,117500.0,69.687092568,,134.0,10822.0,9.8,,0.9426398871,,,,1109.0,2369.0,0.1136158702
18140,2012-02-01,120625.0,72.515212982,,128.0,11188.0,9.1,,0.9409119929,,,,1236.0,2412.0,0.1156957929
18140,2012-03-01,134159.481678752,77.40098633,,112.045404086,12042.860699817,6.967514994,,0.9513713909,,,,1802.144507485,2748.709533721,0.1157479358
18140,2012-04-01,141546.443988992,79.718189445,,106.329795119,11951.513675977,7.02298746,,0.9542901788,,,,1797.257564848,2683.591948478,0.1268046607
18140,2012-05-01,130164.8817125,77.709311279,,108.750575202,11773.027735966,6.871868007,,0.9511913244,,,,1817.299097117,2403.216579772,0.1095459703
18140,2012-06-01,138824.023563732,78.369394837,,106.172248976,11569.949080186,6.368074289,,0.9544608229,,,,1895.699798267,2389.477150975,0.1048344212
18140,2012-07-01,141942.652341737,80.211977481,,105.594528914,11469.657016839,6.466746394,,0.9549560197,,,,1860.166666925,2329.937845805,0.1073617829
18140,2012-08-01,138031.034782882,79.472298831,,103.77207165,11346.081643069,6.04239415,,0.9580618521,,,,1936.653524752,2412.879693899,0.1135089808
18140,2012-09-01,142211.231842603,80.426214348,,103.802706677,11241.927283721,5.72832439,,0.9593497666,,,,1978.092700796,2543.089493545,0.1285757343
18140,2012-10-01,132000.0,78.671328671,,97.0,11246.0,5.5,,0.9573018445,,,,2062.0,2426.0,0.1241513094
18140,2012-11-01,137500.0,79.545454545,,97.0,10481.0,5.2,9.541074325e-05,0.9577322743,,,,2000.0,2004.0,0.117
18140,2012-12-01,142049.813640518,81.186546467,,92.857650822,11008.256982327,5.564132958,0.008058575193,0.9591407025,,,,2073.947065976,2744.477951771,0.1439308932
18140,2013-01-01,137962.385342211,79.657058428,,88.435210494,11046.221547859,5.208415764,0.001970096901,0.9607345649,,,,2166.960964186,2959.94679083,0.1563729661
18140,2013-02-01,136581.93526687,79.008221064,,89.118683575,11201.320517066,5.32152351,0.005423911456,0.9582979998,,,,2188.132507605,3166.07546828,0.1380495262
18140,2013-03-01,140072.176435346,81.382200879,,88.301450327,11060.477759328,5.301975807,0.00521244308,0.9608389535,,,,2178.361784158,2928.672724952,0.1489664809
18140,2013-04-01,136076.67416975,80.735828572,,90.813801953,10965.673492954,4.945111989,0.003772868575,0.960194247,,,,2261.27509826,2945.446265429,0.132976686
18140,2013-05-01,143324.173400512,83.043008136,,86.349287329,10976.318350518,4.974848085,0.0003685375642,0.9618134163,,,,2229.221488198,2901.619066606,0.1430645794
18140,2013-06-01,143998.088152796,83.636034487,,87.104422754,10925.165666957,4.769485175,0.0005251258419,0.961525906,,,,2257.501535206,2902.508885305,0.1378696248
18140,2013-07-01,162000.0,89.073216307,,73.0,11822.0,4.1,,0.9694168501,,,,2916.0,3352.0,0.1577503429
18140,2013-08-01,147905.071205436,85.417118076,,85.345880839,10640.494988557,4.743588164,-0.01095829828,0.9617999302,,,,2250.880699286,2678.750634652,0.1383919963
18140,2013-09-01,149900.0,86.232212399,,77.0,11042.0,4.9,,0.9647419256,,,,2268.0,2557.0,0.1296296296
18140,2013-10-01,145587.657814092,83.97422454,,84.464659567,10600.017302705,5.203923131,-0.008613747865,0.9622534406,,,,2120.550833173,2684.474040576,0.1504367823
18140,2013-11-01,139900.0,81.997621397,,89.0,10001.0,5.3,9.9990001e-05,0.962060038,,,,1886.0,1865.0,0.1267232238
18140,2013-12-01,147657.47770222,84.9085222,,84.042518203,10462.201365621,5.135578401,0.008537384787,0.9663900582,,,,2175.159150415,2643.332372566,0.1527088783
18140,2014-01-01,129900.0,78.726415094,,106.0,8747.0,6.3,,0.9541069383,,,,1381.0,1968.0,0.1202027516
18140,2014-02-01,150105.724094476,86.849736788,,86.054473252,10044.245097183,4.913679901,0.008631914131,0.9665067761,,,,2175.012749889,2686.769522527,0.1334689908
18140,2014-03-01,150627.192202843,85.749207858,,85.123648303,10072.745726965,4.978525714,0.008163057785,0.9654028033,,,,2142.334366135,2859.561095746,0.1427332712
18140,2014-04-01,149997.08421131,86.762559397,,80.142884551,9983.135674731,4.760622162,0.005518296483,0.9662087329,,,,2169.181867375,2742.751769554,0.1351179499
18140,2014-05-01,157500.0,90.625,,69.0,10891.0,4.1,,0.9710416337,,,,2673.0,3718.0,0.1440329218
18140,2014-06-01,169900.0,94.50482425,,67.0,11136.0,3.8,,0.9734286884,,,,2940.0,3605.0,0.1683673469
18140,2014-07-01,165000.0,93.437152392,,67.0,11341.0,4.1,,0.9713740573,,,,2790.0,3533.0,0.146953405
18140,2014-08-01,157118.729931691,89.275584566,,78.97211638,10261.948200789,4.71650335,-0.01466284287,0.9657476023,,,,2173.377818111,2724.103538971,0.1361036408
18140,2014-09-01,152750.0,88.747911027,,73.0,10687.0,4.4,,0.966692889,,,,2412.0,2730.0,0.114013267
18140,2014-10-01,156271.360960405,89.865790275,,79.715928771,9848.428737131,4.331615467,-0.01556962191,0.9686465302,,,,2294.22240642,2526.137068542,0.1294583287
18140,2014-11-01,151000.0,87.7120216,,78.0,9399.0,5.4,,0.9650706098,,,,1754.0,1800.0,0.1140250855
18140,2014-12-01,157349.98828775,90.59909782,,77.098765886,9691.863253076,4.417846036,0.01471056115,0.9697581673,,,,2288.177086149,2771.657109175,0.1506600682
18140,2015-01-01,140050.0,84.615384615,861.7770489221522,90.0,8273.0,6.0,,0.9551758525,0.006153352723471276,13.542752557555762,0.04061212797491042,1382.0,2079.0,0.1186685962
18140,2015-02-01,148975.0,88.021778584,864.3372123725972,100.0,8526.0,5.6,0.0001172882946,0.9631211552,0.005801894360614849,14.363124895728397,0.038292502780058,1522.0,2181.0,0.1478318003
18140,2015-03-01,157680.769885723,90.928630581,865.3652210320256,73.335743012,9570.103533451,4.186331808,0.01350514535,0.9687316029,0.005488083433757885,15.184414438880362,0.03622135066280204,2377.103901903,2967.645575904,0.1370066882
18140,2015-04-01,159250.0,91.16148926,866.5676318237508,69.0,10126.0,4.1,0.0004937783923,0.9718156427,0.005441554987904244,15.314249974239123,0.035914262920168014,2456.0,3742.0,0.1632736156
18140,2015-05-01,160721.078634835,92.550168707,876.4395074875116,70.012126122,9277.758673322,3.794284911,0.1108715225,0.9697030575,0.00545317089041456,15.281628800559776,0.0359909278767361,2443.052367542,2965.001624654,0.1644614022
18140,2015-06-01,173000.0,97.017606899,882.9427554882794,59.0,9929.0,3.0,0.1944808138,0.9784670031,0.005103715349643234,16.327974352871895,0.03368452130764534,3259.0,3744.0,0.1905492482
18140,2015-07-01,172000.0,96.333927424,893.0432188042704,56.0,9731.0,3.0,0.2050149008,0.9774931537,0.005192111737234131,16.049988434518074,0.03426793746574526,3278.0,3606.0,0.1906650397
18140,2015-08-01,167500.0,95.555555556,893.3114155905695,57.0,9544.0,3.2,0.2211860855,0.9730526358,0.005333202481137728,15.625383365447602,0.035199136375509005,2949.0,3216.0,0.1631061377
18140,2015-09-01,163000.0,95.403025665,894.8907078151282,57.0,9298.0,3.5,0.2080017208,0.9726287227,0.005490127041810602,15.178762294333108,0.03623483847594998,2624.0,2924.0,0.1566310976
18140,2015-10-01,160244.54439675,93.427154417,904.3205884813372,64.282746448,8637.141944024,3.660102754,0.1835057868,0.9705176913,0.00564337832458325,14.766568629702368,0.03724629694224946,2432.040133032,2766.933810974,0.1649547856
18140,2015-11-01,160716.69229177,93.329478396,901.4442980874755,65.811952988,8679.541346672,3.892583796,0.1561521208,0.9698525257,0.005608902754487791,14.857332526697263,0.03701875817961942,2404.584408134,2741.93409706,0.1774954724
18140,2015-12-01,156850.0,90.651558074,901.0951481902564,72.0,7137.0,3.1,0.1251226005,0.9663142973,0.005744948346766059,14.505497404557739,0.03791665908865599,2276.0,1423.0,0.1278558875
18140,2016-01-01,153000.0,90.75310837,897.9495100860529,81.0,7124.0,4.6,0.1444413251,0.9677256723,0.005868951046314071,14.199016600363349,0.03873507690567287,1551.0,2060.0,0.1295938104
18140,2016-02-01,157000.0,92.579949403,901.426776825714,84.0,7406.0,4.4,0.1269241156,0.9674191369,0.005741571826915376,14.514027838628234,0.03789437405764148,1669.0,2452.0,0.1659676453
18140,2016-03-01,168505.741338835,95.996734011,906.0968586012394,63.581841546,8254.682644719,3.247652244,0.1618690956,0.9735611143,0.0053772462077671295,15.497399619337315,0.03548982497126306,2560.026873936,2897.844199694,0.1793169002
18140,2016-04-01,170000.0,97.906819716,912.9558076223972,58.0,8428.0,3.1,0.1368058851,0.979044305,0.005370328280131748,15.517362996529693,0.03544416664886954,2732.0,3697.0,0.2053440703
18140,2016-05-01,179900.0,100.423280897,922.0361940852124,56.0,8622.0,2.7,0.1460218047,0.9843692434,0.005125270673069552,16.259303878564634,0.03382678644225904,3156.0,3649.0,0.2256020279
18140,2016-06-01,166810.69893924,97.087901838,930.6262385543351,60.806223588,7789.530892534,3.079241788,0.1617660604,0.9761498333,0.0055789361502124706,14.937136953997873,0.036820978591402306,2580.829726272,2796.121486753,0.2038287262
18140,2016-07-01,181084.0,102.314867859,930.7298138039948,53.0,8882.0,2.9,0.180927719,0.9848203256,0.005139768360561921,16.213441440816737,0.033922471179708674,3093.0,3595.0,0.2466860653
18140,2016-08-01,168783.98622622,98.482921786,926.7508668493176,59.175564997,7712.095288543,3.104076315,0.1638247956,0.9813484511,0.0054907511522283865,15.177036988739331,0.036238957604707356,2553.077863894,2786.623580729,0.2255831489
18140,2016-09-01,173843.147390286,99.912821797,920.5778860381076,59.117486026,7436.624301048,2.950218193,0.1620075098,0.9803310487,0.005295451099785758,15.736777049400914,0.03494997725858601,2623.714980756,2665.418571103,0.2145504693
18140,2016-10-01,174922.389092664,100.780721428,919.170882597434,58.25853208,7305.798256254,2.808612111,0.167541275,0.9831120049,0.005254735470772179,15.85871140361849,0.03468125410709639,2641.654391998,2803.406748053,0.2137040231
18140,2016-11-01,180825.649095031,101.602686575,924.7213339874988,55.721040368,7279.323885192,2.903857734,0.1804104289,0.9840672031,0.005113883669796874,16.29550821140274,0.03375163222065937,2606.405525882,2922.029662254,0.2377933959
18140,2016-12-01,173610.513645616,101.293877504,927.5728622164182,54.859551355,7141.338462086,2.779255823,0.1696802685,0.9855307402,0.005342838073216202,15.597203619380808,0.035262731283226934,2610.577711904,2732.301817785,0.2277341216
18140,2017-01-01,161500.0,96.478873239,933.3099770838488,66.0,5739.0,3.5,0.1597839345,0.9742703627,0.005779009146030024,14.420003711290267,0.03814146036379816,1645.0,2048.0,0.1623100304
18140,2017-02-01,178007.118223641,101.436553653,940.4648677962168,52.008317972,7115.208723317,2.863472939,0.1880247712,0.9825341643,0.005283299213993535,15.77297252304274,0.03486977481235733,2648.437502008,3040.084416094,0.2165511807
18140,2017-03-01,172000.0,101.261574074,951.366628429568,51.0,6365.0,2.5,0.1541241163,0.9829553478,0.005531201328078884,15.066045943816142,0.03650592876532064,2578.0,3214.0,0.2350659426
18140,2017-04-01,179027.902793605,101.868727036,959.9677655119052,54.139317099,6806.411533621,2.576991794,0.1801153011,0.9796928477,0.005362112556379652,15.541138395945508,0.03538994287210571,2652.364419643,2877.952049839,0.2274941332
18140,2017-05-01,182146.210059271,104.671592855,962.9384043168942,53.109086971,6674.842862756,2.531478722,0.189190171,0.9807319124,0.0052866233340981995,15.76305480207783,0.03489171400504812,2682.243524272,2972.183498928,0.2359672553
18140,2017-06-01,195000.0,109.375,965.0639856360948,46.0,7624.0,2.2,0.2050104932,0.9908813614,0.004949046080185102,16.838261754519074,0.03266370412922167,3472.0,4052.0,0.3096198157
18140,2017-07-01,184430.705401881,104.847594725,966.4740493653323,51.474083166,6714.228566098,2.575248049,0.1953720579,0.9821158814,0.005240309889068371,15.902367435783162,0.03458604526785125,2657.405238034,2970.117596299,0.2342837939
18140,2017-08-01,189000.0,108.633980882,968.9227979282098,48.0,7672.0,2.3,0.2562565172,0.9857145231,0.005126575650413808,16.25516504893609,0.03383539929273114,3324.0,3545.0,0.2662454874
18140,2017-09-01,184050.0,107.638888889,973.798372840428,49.0,7385.0,2.5,0.2296547055,0.9835449091,0.005290944704376137,15.750180353313537,0.03492023504888251,2899.0,2903.0,0.2411176268
18140,2017-10-01,188850.0,107.5,974.4122902306322,50.0,6925.0,2.4,0.240866426,0.9810842498,0.005159715595608325,16.15076098462912,0.034054122931014945,2834.0,2784.0,0.2035991531
18140,2017-11-01,191144.55175919,108.624682766,976.7144717225952,50.167929705,6350.423849911,2.329860301,0.1848949945,0.9824227683,0.005109821141818843,16.308463842566276,0.03372481953600437,2711.316370341,2720.040140884,0.2303604721
18140,2017-12-01,199801.809702651,111.269669933,975.3045488017464,48.628231708,6289.724403323,2.314030853,0.1796523393,0.9861170301,0.004881359934893552,17.071745260504045,0.03221697557029745,2702.547044672,2956.276280496,0.2545583994
18140,2018-01-01,176000.0,103.701117318,981.9230164419844,59.0,4795.0,2.8,0.1470281543,0.9760399747,0.005579108047965821,14.936676726258638,0.03682211311657442,1694.0,1852.0,0.1894923259
18140,2018-02-01,193550.652946757,111.903071002,989.0227183996508,47.988519959,6101.397378869,2.440156778,0.1746061303,0.9867965868,0.005109890890792896,16.308241235343207,0.033725279879233114,2610.890779018,2858.490188436,0.2423421607
18140,2018-03-01,190000.0,110.392984735,1001.8987774417968,46.0,5521.0,2.3,0.1436333997,0.9875229736,0.005273151460219983,15.803326333785389,0.03480279963745189,2439.0,3266.0,0.28700287
18140,2018-04-01,193132.873348217,111.604350693,1011.3746762377328,46.784581687,6161.580187342,2.426418616,0.2076095951,0.985141999,0.005236678037789209,15.913396380678488,0.03456207504940879,2604.582597619,2928.320099281,0.2797731551
18140,2018-05-01,198010.952984513,112.440509722,1019.3093189421014,47.584811943,6413.688391636,2.572444092,0.1967397098,0.9843172706,0.005147742100013147,16.188327176126503,0.03397509786008677,2598.195772201,3141.894149255,0.2843099976
18140,2018-06-01,215500.0,118.468468468,1021.8642422189394,42.0,7190.0,2.2,0.2253129346,0.9971859985,0.004741829430250298,17.574089190495105,0.03129607423965197,3313.0,3807.0,0.3748868095
18140,2018-07-01,196964.59202955,113.047286275,1023.7227176460408,48.220229225,6386.957353103,2.509710757,0.2189219048,0.9841394136,0.005197496195115388,16.033361104073553,0.03430347488776156,2647.288810332,3020.344766566,0.2617810357
18140,2018-08-01,206500.0,116.161616162,1024.3922410118116,44.0,7406.0,2.3,0.2795031056,0.9899470733,0.004960737244609257,16.798578361288968,0.0327408658144211,3233.0,3568.0,0.307763687
18140,2018-09-01,199027.489991851,114.180714493,1025.424481800359,48.677477056,6452.868053625,2.590942447,0.2246564728,0.9844306032,0.005152175118333372,16.174398466543202,0.03400435578100026,2565.813465905,2826.56741337,0.2489901093
18140,2018-10-01,198000.0,113.118309647,1023.623579536881,49.0,7006.0,2.6,0.2980302598,0.9781043762,0.005169816058267076,16.119206639871575,0.0341207859845627,2741.0,2870.0,0.2229113462
18140,2018-11-01,201637.383075308,115.075832798,1022.0336443332436,47.990857809,6360.550215778,2.469943845,0.2171512445,0.9837944894,0.005068671437535629,16.440863125633907,0.03345323148773515,2589.738908028,2837.743216422,0.2292077297
18140,2018-12-01,195000.0,112.362801798,1021.7141550872664,56.0,5167.0,2.4,0.1658602671,0.9745134978,0.005239559769678289,15.904644091587496,0.03458109447987671,2111.0,1387.0,0.1752723828
18140,2019-01-01,184000.0,110.337748945,1028.934837570603,63.0,5171.0,3.2,0.188164765,0.9730499886,0.005592037160709798,14.902142267372884,0.036907445260684665,1616.0,2043.0,0.1726485149
18140,2019-02-01,208547.794149728,117.896187336,1035.6316862587248,50.685299305,6338.832444176,2.509929301,0.2026399322,0.9836897356,0.004965920116686478,16.781045883786327,0.03277507277013076,2597.682372717,2818.673147658,0.2318113852
18140,2019-03-01,205000.0,116.452991453,1045.884069073973,49.0,5739.0,2.6,0.1510716153,0.9818640707,0.005101873507677917,16.333868961651685,0.033672365150674254,2229.0,3037.0,0.2279048901
18140,2019-04-01,219900.0,120.824175824,1052.796142470699,43.0,6231.0,2.3,0.1752527684,0.990369265,0.0047876131990481985,17.4060288224413,0.031598247113718114,2731.0,3543.0,0.304284145
18140,2019-05-01,225000.0,121.860848086,1061.2234861086315,42.0,6890.0,2.1,0.2107402032,0.9948117703,0.004716548827149473,17.668285941120484,0.031129222259186524,3221.0,4123.0,0.3551692021
18140,2019-06-01,213547.732255629,118.509712941,1063.0542849581295,47.463431798,6491.885888645,2.319552919,0.2181932197,0.9848887638,0.004978064031537418,16.740108766258036,0.03285522260814695,2672.398275466,3024.087862066,0.2822008927
18140,2019-07-01,225000.0,123.602118893,1064.5159099675018,43.0,7340.0,2.2,0.2555858311,0.9935675592,0.004731181822077785,17.61363998831395,0.031225800025713384,3316.0,3657.0,0.3404704463
18140,2019-08-01,218500.0,121.845082681,1064.2103646335415,44.0,7276.0,2.3,0.2747388675,0.9895115901,0.004870527984592868,17.109712457652424,0.03214548469831292,3228.0,3472.0,0.3162949195
18140,2019-09-01,212858.562349758,118.887421551,1068.3702672379543,48.157082112,6453.627319873,2.458647289,0.2184411066,0.9849370623,0.005019155703412412,16.603058015649296,0.033126427642521925,2655.582854638,3061.544678272,0.2714802329
18140,2019-10-01,215428.912888464,122.230709352,1067.7834434216047,48.239443639,6579.546815086,2.578080356,0.2136850197,0.986840782,0.004956546589335658,16.812781203879045,0.03271320748961534,2598.825771203,3018.651702637,0.2691912993
18140,2019-11-01,216945.048123031,122.689441943,1069.5589817573043,49.142884024,6443.032600944,2.456701011,0.1931421741,0.986130456,0.004930091702995452,16.902998636455628,0.03253860523976999,2719.874350564,2874.958911009,0.2482967803
18140,2019-12-01,208000.0,118.220597197,1068.2050628876727,56.0,5036.0,2.1,0.1640190627,0.9792304639,0.005135601263883042,16.226597247607337,0.03389496834162808,2446.0,1444.0,0.1995094031
18140,2020-01-01,200500.0,117.696160267,1074.3713008359452,58.0,5104.0,2.9,0.1906347962,0.97531006,0.005358460353296485,15.551730877707678,0.0353658383317568,1755.0,2269.0,0.1925925926
18140,2020-02-01,228995.96125641,125.248623676,1079.733323552208,46.785724937,6126.660964148,2.123417138,0.197998452,0.9916655332,0.004715075836395278,17.673805517631397,0.031119500520208836,2952.844733205,2972.865055401,0.2980044074
18140,2020-03-01,230000.0,127.178066417,1091.9660955294726,47.0,5436.0,2.2,0.1392568065,0.9886088915,0.004747678676215098,17.552437520849153,0.03133467926301965,2428.0,2949.0,0.3142504119
18140,2020-04-01,229900.0,127.993354625,1097.218776661446,43.0,5570.0,2.5,0.1464991023,0.9943275588,0.0047725914600323886,17.460814325131405,0.03149910363621376,2271.0,2614.0,0.3751651255
18140,2020-05-01,226188.021443648,124.914405935,1103.4984098531258,47.859367707,5425.679655222,2.406785239,0.1662445906,0.9831463202,0.004878677494988606,17.081131806505677,0.032199271466924806,2408.337860207,2507.739561027,0.2819664066
18140,2020-06-01,228302.774435541,126.843403525,1105.815836346893,46.520452131,5163.471131127,2.170653728,0.1460971555,0.9873210793,0.004843637310501056,17.204701341420794,0.03196800624930697,2510.490984812,2630.230448587,0.3151437197
18140,2020-07-01,239279.310712974,129.550836921,1113.7854881919968,44.706926776,4926.597420007,1.867502551,0.1261739752,0.9974583494,0.004654750487508848,17.902857211564967,0.0307213532175584,2675.068309777,2856.411872369,0.36355521
18140,2020-08-01,250000.0,133.211048125,1119.8791922925045,41.0,5707.0,1.7,0.1683896969,1.003496937,0.004479516769170018,18.6031970918983,0.02956481067652212,3349.0,3452.0,0.446401911
18140,2020-09-01,245000.0,136.165050228,1122.7169527699054,41.0,5574.0,1.7,0.1819160388,1.005061863,0.004582518174571042,18.185052444693017,0.030244619952168886,3349.0,3358.0,0.4467005076
18140,2020-10-01,249900.0,135.725121332,1128.7309314590068,42.0,5443.0,1.7,0.1967664891,1.002528327,0.0045167304180032284,18.449924086940218,0.029810420758821312,3261.0,3274.0,0.4382091383
18140,2020-11-01,240000.0,135.549872123,1131.568704812409,42.0,4679.0,1.7,0.1795255396,1.003822535,0.004714869603385037,17.67457858717964,0.031118139382341245,2750.0,2276.0,0.4363636364
18140,2020-12-01,242950.0,135.947623872,1125.3054822762858,42.0,3663.0,1.3,0.1294021294,0.9980197161,0.004631839811797842,17.99141091215493,0.03057014275786576,2761.0,1829.0,0.3831944947
18140,2021-01-01,235000.0,135.996,1127.0306902283885,47.0,3597.0,1.9,0.1162079511,0.9956079449,0.00479587527756761,17.376042642960186,0.031652776831946235,1915.0,2109.0,0.3571801567
18140,2021-02-01,250150.834272628,143.02311743,1131.183114270842,39.620825999,4549.302595701,1.625728015,0.1463718602,1.012280835,0.004522004164247627,18.428407030712755,0.029845227484034346,2850.390230016,2689.214047964,0.4987996133
18140,2021-03-01,256000.987054101,145.482227657,1150.7302754766547,39.68593781,4500.533755619,1.609953559,0.134630137,1.015069238,0.004495022807210777,18.53902347272912,0.02966715052759113,2927.455701609,2868.842075058,0.5019654049
18140,2021-04-01,261571.42505938,146.803208201,1161.4978409781756,39.538417303,4456.011057559,1.594713028,0.1377036951,1.020723415,0.004440461494272553,18.76681814284828,0.02930704586219885,2901.101035246,2871.17348251,0.4937794921
18140,2021-05-01,269181.374410599,148.900551903,1182.6874496346782,38.329084112,4502.445481058,1.630625329,0.1377076532,1.028213909,0.004393645185237266,18.966787216531497,0.02899805822256596,2929.346611612,3004.800476974,0.5215815767
18140,2021-06-01,285000.0,156.181103438,1197.2578072575031,36.0,5231.0,1.5,0.1397438348,1.03965202,0.004200904586868432,19.836997391900834,0.02772597027333165,3523.0,4098.0,0.630712461
18140,2021-07-01,286917.5,157.613585245,1213.406140936686,36.0,5837.0,1.7,0.1678944663,1.033731492,0.00422911164685558,19.704689847876953,0.02791213686924683,3460.0,4280.0,0.600867052
18140,2021-08-01,277232.404210891,152.74494689,1221.6837681868765,38.289806235,4909.145527214,1.725307196,0.1447077995,1.022978869,0.0044067134636163975,18.910540479059264,0.029084308859868225,2967.533914034,3265.446429909,0.533808279
18140,2021-09-01,280000.0,155.946487506,1229.2692067301612,39.0,5511.0,1.6,0.2075848303,1.016237248,0.004390247166893433,18.98146736742855,0.028975631301496656,3454.0,3436.0,0.5350318471
18140,2021-10-01,273000.0,154.308931327,1231.7163406476025,38.0,5138.0,1.6,0.1936551187,1.012404621,0.0045117814675736355,18.470161715999218,0.029777757685985996,3267.0,3085.0,0.5096418733
18140,2021-11-01,275000.0,156.25,1235.04102681379,39.0,4425.0,1.5,0.1561581921,1.011913088,0.004491058279322873,18.555388986378883,0.02964098464353096,2904.0,2360.0,0.4972451791
18140,2021-12-01,271045.0,155.737009081,1238.2886459050735,41.0,3328.0,1.2,0.1301081731,1.00651509,0.004568572177701391,18.240564030064476,0.030152576372829185,2796.0,1780.0,0.4513590844
18140,2022-01-01,267995.0,158.319674698,1243.2408607545435,42.0,3340.0,1.8,0.1110778443,1.007827419,0.0046390449849980165,17.963467395298164,0.030617696900986913,1812.0,2064.0,0.4503311258
18140,2022-02-01,284844.214272224,165.102103113,1248.5666164080585,36.06897424,4289.469087599,1.556207747,0.1358810436,1.023556987,0.004383331497879084,19.01141480484762,0.028929987886001957,2787.833760603,2764.974382685,0.5813282948
18140,2022-03-01,292725.0,171.043707324,1258.5384999965602,34.0,3719.0,1.5,0.08389351976,1.032964116,0.004299388504557384,19.382601326909484,0.028375964130078736,2413.0,3108.0,0.5706589308
18140,2022-04-01,306491.039757976,171.560241607,1274.3444968123806,36.902460417,4455.811949728,1.650814535,0.1492993359,1.037916583,0.0041578523725152965,20.042398302593114,0.02744182565860096,2750.445877178,2959.707650243,0.5282441898
18140,2022-05-01,311282.322541844,172.806830814,1292.8517031845392,38.512128044,4441.995981846,1.662505311,0.1667443761,1.03435219,0.0041533091009713485,20.064322521491093,0.027411840066410897,2724.427564792,2886.423836697,0.5169013165
18140,2022-06-01,309290.919463401,173.93714956,1315.476297879583,38.306665502,4644.736154042,1.850800426,0.1797917517,1.026747304,0.004253200514783447,19.593088321060797,0.028071123397570754,2604.145634159,2969.08466392,0.4837079078
18140,2022-07-01,320000.0,177.514792899,1333.002680289204,35.0,5509.0,1.8,0.236703576,1.027067005,0.004165633375903762,20.00496102594569,0.027493180280964834,2991.0,3393.0,0.5947843531
18140,2022-08-01,302155.945678672,171.247086056,1341.412582514366,39.587755328,4487.542630265,1.86908887,0.21549334,1.003931616,0.004439471080078935,18.771004885530562,0.02930050912852097,2471.75131556,2677.814427945,0.4352158222
18140,2022-09-01,307155.88461829,174.073410365,1339.3220310993863,40.001444419,4487.302263003,1.925843555,0.2167578386,1.004029256,0.004360398410610931,19.111403474174182,0.02877862951003215,2416.15124609,2661.657312884,0.4293198895
18140,2022-10-01,299900.0,168.504901961,1327.789950041392,40.0,5042.0,2.1,0.3032526775,0.9950789306,0.0044274423142427214,18.82200318347611,0.029221119274001964,2434.0,2551.0,0.364831553
18140,2022-11-01,295000.0,169.053301512,1316.8474764161876,43.0,4562.0,2.2,0.2740026304,0.9891792914,0.004463889750563348,18.668322469840696,0.029461672353718098,2060.0,1828.0,0.3194174757
18140,2022-12-01,307869.438609728,172.956962785,1315.9135680253917,41.913961271,4616.698987659,2.123331932,0.2362686678,0.996624426,0.00427425851025608,19.496559025004,0.02821010616769013,2276.554172915,2452.494086589,0.3605701781
18140,2023-01-01,300678.270450486,173.087889459,1320.2528028379068,41.91306554,4593.133923161,2.037792575,0.2424906074,0.9971397282,0.00439091524924585,18.978579317295186,0.02898004064502261,2240.984743053,2418.508180134,0.3788656636
18140,2023-02-01,315044.238987574,174.344335776,1328.2106037785832,41.703055032,4592.208643049,2.028898326,0.2234771112,0.9980130176,0.004215949506161167,19.766207638765703,0.0278252667406637,2274.648096954,2477.645676521,0.385029109
18140,2023-03-01,310000.0,178.002125399,1338.3105539620578,38.0,3708.0,1.7,0.1720604099,1.002102783,0.004317130819232445,19.302943742656705,0.028493063406934138,2209.0,2410.0,0.4019918515
18140,2023-04-01,317991.429533121,177.938901317,1352.4747766526716,41.547350317,4063.966271429,1.853724426,0.2095830984,1.002435342,0.004253179963492702,19.59318299451881,0.028070987759051834,2193.05229756,2252.166912127,0.3966728108
18140,2023-05-01,339900.0,182.883341824,1369.292745851133,34.0,4146.0,1.7,0.1753497347,1.020299723,0.004028516463227811,20.68586143162073,0.026588208657303557,2506.0,2956.0,0.5319233839
18140,2023-06-01,320936.578721608,181.535114859,1376.963545323982,40.198377076,3852.955135439,1.852068706,0.2021721037,1.007188174,0.004290453742633089,19.422965106294548,0.028316994701378388,2145.966867119,2273.199258703,0.4125745762
18140,2023-07-01,326500.0,185.0,1384.613366086645,36.0,4537.0,2.0,0.2256998016,1.015504416,0.00424077600639095,19.650491609966675,0.027989121642180273,2318.0,2747.0,0.5211389129
18140,2023-08-01,330000.0,185.637758337,1388.3812255928265,37.0,4583.0,1.7,0.249618154,1.007128459,0.004207215835129777,19.807239894257243,0.027767624511856534,2641.0,2916.0,0.4585384324
18140,2023-09-01,327516.43660031,183.321413069,1387.374193788379,39.140815818,3985.945715249,2.018530039,0.2113518681,1.001859005,0.004236044481277389,19.6724405755541,0.027957893576430772,2119.21390921,2457.027566609,0.4089867527
18140,2023-10-01,325000.0,183.137525916,1382.8939166274486,39.0,4672.0,2.1,0.2960188356,0.9993885812,0.004255058205007534,19.584534292683262,0.02808338415304973,2194.0,2436.0,0.3618960802
18140,2023-11-01,315000.0,180.683311432,1379.9365369321154,42.0,4554.0,2.4,0.2560386473,0.9925473529,0.004380750910895605,19.022613937275104,0.028912956011910993,1928.0,2015.0,0.3345435685
18140,2023-12-01,315000.0,181.112548512,1379.71144559966,45.0,3774.0,2.1,0.1947535771,0.9903258598,0.004380036335237016,19.025717358306785,0.028908239812564313,1767.0,1273.0,0.2942840973
18140,2024-01-01,308000.0,178.615278605,1379.4402312843306,53.0,3839.0,2.6,0.2083876009,0.9854994696,0.00447870204962445,18.60658119472829,0.029559433527521373,1469.0,1831.0,0.270251872
18140,2024-02-01,320000.0,184.948655852,1384.2040187305158,46.0,3903.0,2.2,0.1752498078,0.9933837404,0.004325637558532862,19.26498283910724,0.028549207886316895,1758.0,2073.0,0.3253697383
18140,2024-03-01,331307.043983443,187.019430412,1390.4963977372183,41.567920681,4711.401337751,2.09938189,0.2304632009,0.9987263416,0.004197002215886204,19.85544182414432,0.027700214624848948,2164.100096313,2404.713941028,0.3801051238
18140,2024-04-01,339900.0,191.181005242,1404.6986456738616,37.0,4567.0,2.0,0.1902780819,1.005949932,0.004132682099658316,20.164467366174428,0.027275701857744892,2238.0,2912.0,0.4517426273
18140,2024-05-01,345000.0,194.724772434,1416.731711716277,36.0,4942.0,1.8,0.2266288952,1.008442366,0.004106468729612397,20.293185902623208,0.027102693615441827,2685.0,3254.0,0.4532588454
18140,2024-06-01,331704.638468223,188.671293847,1431.7967045561402,43.267987341,4749.220468738,2.269926339,0.2453699317,0.9949356422,0.004316480804031039,19.305850556664286,0.02848877330660486,2168.974578012,2481.457819491,0.3474220053
18140,2024-07-01,349900.0,194.444444444,1440.1752842023925,38.0,5532.0,2.1,0.2919378163,1.00144667,0.004115962515582716,20.246378099372812,0.02716535260284593,2600.0,3066.0,0.4184615385
18140,2024-08-01,345000.0,191.23644504,1445.4403225945248,42.0,5615.0,2.2,0.2918967053,0.9958695753,0.004189682094476883,19.89013282014615,0.027651901823547435,2554.0,2898.0,0.3355520752
18140,2024-09-01,343000.0,191.525423729,1445.3891061156262,43.0,5812.0,2.5,0.3083275981,0.9930569794,0.004213962408500368,19.775528411272504,0.02781215189610243,2281.0,2672.0,0.321350285
18140,2024-10-01,340000.0,189.822661645,1441.6103110512677,43.0,5816.0,2.5,0.3003782669,0.9902525178,0.0042400303266213754,19.653947475356066,0.02798420015570108,2325.0,2658.0,0.2924731183
18140,2024-11-01,335500.0,190.846824408,1439.5769689062397,47.0,5421.0,2.8,0.2600996126,0.9877955922,0.004290840443833799,19.421214660425896,0.028319546929303076,1945.0,1919.0,0.2827763496
18140,2024-12-01,330000.0,187.39520202,1436.0400452484246,52.0,4467.0,2.2,0.2093127379,0.9854367598,0.004351636500752802,19.14988380093725,0.028720800904968494,2019.0,1393.0,0.2481426449
18140,2025-01-01,319900.0,183.69932389,1441.42321763965,64.0,4647.0,3.3,0.2074456639,0.9804362098,0.004505855635009846,18.49445257097129,0.02973864719106499,1395.0,1958.0,0.2164874552
18140,2025-02-01,337764.106183191,195.012800058,1445.4339098734663,46.090827522,5778.701237135,2.703417366,0.2617219858,0.9957485777,0.004279418337866592,19.473051418216173,0.028244161029919508,2179.305105467,2713.464171748,0.3412483808
18140,2025-03-01,341574.563316336,195.043249799,1458.714186737765,46.176388999,5924.240683542,2.636052236,0.2563017969,0.9916895027,0.004270558593635187,19.513450408462443,0.028185686717992237,2242.497885463,2743.794556267,0.3043975697
18140,2025-04-01,338000.0,196.404176425,1468.1812872995358,40.0,5839.0,2.5,0.2406233944,0.996868493,0.004343731619229396,19.1847334592272,0.028668628686914013,2294.0,3214.0,0.3696599826
18140,2025-05-01,352000.0,198.802216356,1479.2047483729411,38.0,6420.0,2.6,0.2568535826,1.000689192,0.004202286216968582,19.830475372390932,0.02773508903199265,2513.0,3396.0,0.3688818146
18140,2025-06-01,369950.0,197.460318653,1485.4699675227805,40.0,6772.0,2.6,0.2844063792,0.9992155715,0.004015326307670714,20.753813500570743,0.026501153630626714,2644.0,3325.0,0.3819969743
18140,2025-07-01,347248.686850059,193.972543698,1484.7496437021582,48.835675442,6149.059024528,2.863687842,0.2699582481,0.9853374983,0.0042757530839656385,19.489744074754675,0.028219970354173216,2193.738261246,2527.592843143,0.2604268749
18140,2025-08-01,359900.0,195.579463564,1483.3508063814331,44.0,7012.0,2.8,0.2997718197,0.9901961153,0.004121563785444382,20.218862953821407,0.027202320983932923,2508.0,2899.0,0.2866826156
18140,2025-09-01,345000.0,193.230952908,1481.7398662969697,47.0,6986.0,3.0,0.3051817922,0.9853224573,0.004294898163179623,19.402865950991387,0.02834632787698551,2364.0,2714.0,0.2457698816
18140,2025-10-01,349600.0,192.662729055,1485.1347293850165,51.0,6866.0,2.8,0.3333818817,0.984425729,0.004248097052016638,19.6166265301716,0.028037440543309807,2479.0,2797.0,0.2384025817
18140,2025-11-01,345000.0,191.131498471,1477.8997161116158,53.0,6304.0,3.2,0.2638007614,0.9831745685,0.004283767293077148,19.453282037053118,0.028272864134309177,1946.0,1862.0,0.2404933196
18140,2025-12-01,350538.091875625,192.823178413,1470.0113201273994,50.527011257,6104.467954008,2.773801908,0.2620120529,0.9885290564,0.004193585103010649,19.871620889130607,0.02767766167987028,2228.233046106,2391.053434455,0.2598577767
18140,2026-01-01,335000.0,187.481466367,1465.2726379861788,69.0,5044.0,3.7,0.2260111023,0.9813293228,0.004373948173093071,19.05219953129978,0.028868057942414274,1357.0,1894.0,0.2063375092
18140,2026-02-01,348105.186212032,194.275135185,1472.1059213741628,51.61824855,6173.865374566,2.799868273,0.2558177449,0.9875779194,0.004228911201792605,19.705623825349875,0.0279108139318312,2290.726403095,2546.874842417,0.2571880132
18140,2026-03-01,356424.645623503,193.261399804,1483.3195071004388,51.266463663,6179.286354972,2.915645263,0.2730918184,0.9871235728,0.004161663693333072,20.024043140927557,0.027466980375998276,2241.086692342,2759.500651935,0.2728582453
18140,2026-04-01,356971.451452142,197.76488672,1492.2547970800074,50.05088162,6305.372492482,2.909100564,0.2656894991,0.9862772911,0.004180319717472055,19.934679394265835,0.02759011013531556,2251.387389528,2846.17770232,0.2859284901
18140,2026-05-01,365000.0,201.598051231,1500.105953053917,40.0,6661.0,2.5,0.251914127,0.9990511208,0.004109879323435389,20.276345550622203,0.027125203534673566,2666.0,3423.0,0.3672168042
19124,2012-01-01,165235.169937726,77.435547166,,65.588706812,18184.120105165,4.928631633,0.2241474294,0.9688673278,,,,3795.171335362,5482.793746142,0.1694093993
19124,2012-02-01,165979.339275542,79.162611667,,67.78368943,18191.244370533,4.837163796,0.2204905758,0.9663644097,,,,3823.154353062,5430.231760602,0.1505003747
19124,2012-03-01,165871.433077599,79.557759437,,68.927844756,18325.896283241,4.90855237,0.2206370995,0.9642254982,,,,3870.993273353,5402.800802767,0.1319544993
19124,2012-04-01,169000.0,80.473732159,,49.0,18180.0,4.3,0.1900990099,0.9699577959,,,,4195.0,6275.0,0.1516090584
19124,2012-05-01,168053.769900015,80.567802001,,61.472333874,17625.035021105,4.444216992,0.2152838805,0.9639546168,,,,3981.219649336,5306.520421039,0.1298369929
19124,2012-06-01,168125.581869858,81.413809918,,59.641133372,17013.19405367,4.16240356,0.2024095677,0.9675628899,,,,4104.831174021,5257.313961416,0.1350704048
19124,2012-07-01,177000.0,82.777462265,,53.0,17905.0,3.8,0.2312761798,0.9730726514,,,,4773.0,5877.0,0.1544102242
19124,2012-08-01,172019.007988398,81.71038115,,55.495642136,15639.990745629,3.798610002,0.1772236532,0.9703710834,,,,4186.010529984,5254.512560121,0.1464520205
19124,2012-09-01,176264.192869492,82.566050738,,55.053942706,15330.782318629,3.739213763,0.1736977241,0.9747901355,,,,4255.747386079,5314.00927765,0.1586738995
19124,2012-10-01,167000.0,81.215469613,,55.0,15321.0,3.7,0.2134978135,0.9713969392,,,,4091.0,4670.0,0.1635296993
19124,2012-11-01,171000.0,82.096319712,,56.0,14325.0,3.8,0.1739616056,0.9667294954,,,,3786.0,4069.0,0.1391970417
19124,2012-12-01,179737.372354814,84.433926073,,46.117568787,14892.979553474,3.630029942,0.1976011426,0.9734263266,,,,4407.539174988,5500.875973322,0.1742278359
19124,2013-01-01,178812.218386761,83.67056187,,45.515912217,14832.564754419,3.245223611,0.1988130917,0.9760893068,,,,4660.402111076,5516.114872932,0.1988833496
19124,2013-02-01,175782.233984109,83.242498446,,45.113471966,14744.842778152,3.405964481,0.2008207419,0.971374202,,,,4569.457043096,5657.153851956,0.182057217
19124,2013-03-01,183537.41580676,87.000168094,,42.61212898,14404.903107222,2.965868972,0.2025783597,0.9720441456,,,,4822.637119606,5658.130451333,0.1805364372
19124,2013-04-01,194000.0,89.784033002,,35.0,14291.0,2.6,0.1761948079,0.9789358749,,,,5436.0,7278.0,0.2119205298
19124,2013-05-01,200000.0,90.984284533,,34.0,14511.0,2.4,0.1866859624,0.9794378879,,,,6047.0,7181.0,0.2168017199
19124,2013-06-01,192309.781897462,89.149355633,,40.371269373,13604.489946541,2.789131049,0.1764427528,0.9740110167,,,,4817.900528833,5764.596867073,0.1887318827
19124,2013-07-01,193603.406913135,90.578511811,,38.116930596,13446.351341976,2.751375468,0.1687068154,0.9780783119,,,,4885.129490791,5791.577338437,0.2013374704
19124,2013-08-01,200000.0,92.845760321,,35.0,14806.0,2.4,0.2361880319,0.9796445507,,,,6078.0,6302.0,0.2125699243
19124,2013-09-01,191450.0,91.210096317,,38.0,14076.0,2.9,0.2278346121,0.9766299133,,,,4782.0,4918.0,0.1917607696
19124,2013-10-01,190000.0,91.066282421,,40.0,13630.0,3.0,0.2238444607,0.9754907213,,,,4476.0,5133.0,0.1827524576
19124,2013-11-01,195206.222521594,92.02933798,,40.276225503,13208.34400813,2.85299898,0.1934573408,0.9786961124,,,,4825.677724829,5726.79995163,0.1970951128
19124,2013-12-01,196313.602668397,93.377260587,,38.617641854,13308.139785404,3.003915654,0.2079697865,0.9782720171,,,,4752.911762314,5467.36624967,0.2051439804
19124,2014-01-01,181500.0,88.994362793,,51.0,11598.0,3.8,0.174512847,0.9733798713,,,,3053.0,5078.0,0.1637733377
19124,2014-02-01,204172.563985289,94.60283544,,34.580328792,13187.532776903,2.81626582,0.2062792317,0.9789268705,,,,4865.949017953,5669.365329685,0.225094613
19124,2014-03-01,200208.367457617,95.041878569,,35.99324982,12767.161207643,2.760919814,0.2096566636,0.9770230939,,,,4763.382970667,5660.102261577,0.2111174897
19124,2014-04-01,200649.72436062,94.942220757,,38.850105949,12310.490613993,2.666396863,0.2204166894,0.9753726866,,,,4757.352137696,5608.426176853,0.2190097497
19124,2014-05-01,215000.0,98.370238489,,29.0,12674.0,2.2,0.2232128768,0.9828686797,,,,5778.0,7727.0,0.2540671513
19124,2014-06-01,220000.0,99.091472189,,26.0,13194.0,2.1,0.2315446415,0.985814641,,,,6201.0,7020.0,0.282535075
19124,2014-07-01,211672.672785653,97.277802335,,30.216212918,12252.279999944,2.517496605,0.2080348043,0.9801207818,,,,4815.014940396,5579.664520254,0.2294789259
19124,2014-08-01,209432.109297424,97.960774442,,32.732638073,12409.908153799,2.546494918,0.1938746254,0.9830115378,,,,4888.366080304,5714.293385269,0.2283352411
19124,2014-09-01,212092.016339042,98.874763511,,33.414079665,12129.749654457,2.520469688,0.1972888303,0.9837941801,,,,4814.512210802,5617.432285698,0.2373981395
19124,2014-10-01,202875.0,98.502284906,,39.0,12485.0,2.5,0.2410893072,0.9768251954,,,,4934.0,5173.0,0.1988244832
19124,2014-11-01,213622.539950787,100.576808532,,34.892741619,11844.003919248,2.509605001,0.1952029109,0.9851402204,,,,4885.226425266,5611.380662294,0.2550785652
19124,2014-12-01,220000.0,100.627310458,,40.0,9839.0,2.1,0.1481857912,0.9774334927,,,,4622.0,3191.0,0.1977498918
19124,2015-01-01,205000.0,98.793363499,1050.9594439366158,41.0,10174.0,3.4,0.1648319245,0.9765012521,0.005126631433837151,16.25498817475172,0.0338357674633252,2997.0,4758.0,0.2052052052
19124,2015-02-01,217791.0,101.482616382,1055.7717279181743,35.0,10152.0,2.7,0.1478526399,0.98061194,0.004847637082883013,17.190505788393896,0.03199440474702789,3704.0,4950.0,0.2340712743
19124,2015-03-01,227242.181494334,104.251520099,1063.4487610477677,31.572725685,11273.881994733,2.31438133,0.1916902983,0.9843722151,0.004679803520871777,17.807015393203855,0.03088670323775373,4948.319048956,5742.968206654,0.2805994972
19124,2015-04-01,234155.0,106.22887494,1074.601585112596,26.0,11301.0,2.2,0.1757366605,0.9899929344,0.004589274562202797,18.15828018215897,0.030289212110538467,5195.0,7361.0,0.3297401347
19124,2015-05-01,245000.0,108.36664763,1083.7605027276709,24.0,11958.0,2.1,0.1930088644,0.9939290542,0.00442351225603131,18.83872554432536,0.029195180889806646,5790.0,7378.0,0.3607944732
19124,2015-06-01,245000.0,109.471680152,1091.8067782929957,23.0,12699.0,2.0,0.2250570911,0.9944869988,0.004456354197114268,18.69989001038028,0.029411937700954172,6443.0,7571.0,0.3627192302
19124,2015-07-01,235000.0,108.415879427,1098.0347796680533,26.0,13845.0,2.1,0.2572769953,0.9918448608,0.004672488424119376,17.834893480563128,0.030838423599187877,6530.0,8280.0,0.3415007657
19124,2015-08-01,230773.085148742,107.359158949,1101.1368550294492,29.452414852,12153.218584971,2.309150306,0.2222383492,0.989075555,0.004771513343160121,17.464759572094707,0.031491988064856806,5188.797080654,6172.817523603,0.31037632
19124,2015-09-01,230041.445672532,108.258949068,1102.2844865260442,30.449916127,12240.856235377,2.315097072,0.2231061924,0.9880645398,0.004791677792249513,17.391263967732577,0.03162507342884679,5175.00273797,6178.21313625,0.2896772375
19124,2015-10-01,228000.0,108.197286998,1101.5726484533784,34.0,12837.0,2.6,0.2544208148,0.9830980078,0.004831458984444642,17.24806804769185,0.031887629297334644,4931.0,5611.0,0.2362603934
19124,2015-11-01,229575.0,108.49345432,1102.2012873348665,35.0,11865.0,3.0,0.203202697,0.9805677347,0.004801051017466477,17.35731052016783,0.03168693671527875,3988.0,4459.0,0.2331995988
19124,2015-12-01,238747.932312779,110.60139841,1103.9987825642927,32.792768788,12347.59098272,2.259420049,0.2191797554,0.9890380917,0.0046241187174679505,18.021451961978293,0.03051918353528847,5338.012648578,6127.641881647,0.2823782186
19124,2016-01-01,221825.0,106.564851957,1106.3175890613568,41.0,10688.0,3.1,0.1821669162,0.9821822923,0.00498734402822656,16.70896029263208,0.03291647058629531,3396.0,5447.0,0.2388103651
19124,2016-02-01,239825.704764317,111.676785989,1112.239509234089,28.898247879,12493.804716437,2.288053764,0.2264144378,0.9884583353,0.004637699325546091,17.968679615408398,0.030608815548604205,5243.882301751,6298.043349857,0.297797955
19124,2016-03-01,246000.0,113.410584045,1120.0698944256146,28.0,11713.0,2.2,0.1945701357,0.9872472275,0.0045531296521366445,18.302429251982215,0.03005065570410186,5437.0,7190.0,0.2986941328
19124,2016-04-01,250000.0,115.214554478,1130.47661346951,25.0,12245.0,2.2,0.2054716211,0.9916134233,0.00452190645387804,18.42880523586809,0.029844582595595068,5542.0,7090.0,0.3305665825
19124,2016-05-01,265000.0,118.439971244,1138.7702390873212,25.0,12523.0,2.1,0.2233490378,0.9944830301,0.004297246185235175,19.39226419460368,0.028361824822552156,6102.0,7227.0,0.3493936414
19124,2016-06-01,268400.0,118.848671868,1145.9623888109668,26.0,13440.0,2.1,0.2537202381,0.9942018766,0.004269606515689146,19.517801705406736,0.028179403003548365,6380.0,7752.0,0.3479623824
19124,2016-07-01,249808.62417176,116.882767458,1150.1539784000493,29.216937274,12220.083058589,2.409651847,0.2098535033,0.9908403791,0.004604140398328451,18.099650775981505,0.030387326628967776,5283.162185057,6282.189953761,0.2982624046
19124,2016-08-01,253018.818466227,118.257480347,1152.904262399402,29.416233659,12232.396135231,2.327099177,0.2170545243,0.9898784631,0.004556594918070459,18.288510352950524,0.030073526459265032,5295.365591495,6237.277185005,0.2943962335
19124,2016-09-01,250000.0,118.602330762,1152.7318643592453,31.0,13485.0,2.4,0.2667408231,0.9877960728,0.004610927457436981,18.073008977602697,0.030432121219084077,5669.0,6039.0,0.2771211854
19124,2016-10-01,259650.747270751,119.132432711,1153.8133114965128,31.010250781,12467.404197919,2.299139883,0.2208338572,0.9894758775,0.004443712654881649,18.75308774562355,0.029328503522218878,5375.507270063,6392.099249343,0.2907917629
19124,2016-11-01,266155.738932198,121.123202802,1153.42602694627,31.435609772,12591.592473767,2.26685907,0.2211863993,0.9893910217,0.0043336507849642885,19.229360524955183,0.028602095180764304,5458.356760188,6432.866634813,0.2991146406
19124,2016-12-01,260481.899136217,121.254943896,1154.453406801655,29.52702856,12685.680178732,2.451589083,0.2252987849,0.9904897134,0.0044319909008262515,18.80268601584845,0.029251139945453263,5299.382441705,6313.080556361,0.2982088134
19124,2017-01-01,268417.263958827,122.868755588,1159.1612776054185,29.345513613,12948.72104883,2.399052846,0.2312782243,0.9888170523,0.0043185049296353166,19.296801715210858,0.028502132535593094,5438.811085395,6515.127898802,0.2857267601
19124,2017-02-01,265000.0,122.180451128,1164.901656732629,35.0,11438.0,2.8,0.1839482427,0.9836221283,0.004395855308425014,18.957251202881544,0.0290126450356051,4118.0,6043.0,0.2544924721
19124,2017-03-01,271925.883864991,124.270172324,1176.806507550676,29.279443411,13463.289998938,2.532369155,0.2421516485,0.986789585,0.004327673742654638,19.25591860402486,0.028562646701520613,5466.334915066,6594.151512214,0.2822249153
19124,2017-04-01,280000.0,126.461538462,1185.667522068193,25.0,13278.0,2.4,0.21998795,0.9925418316,0.00423452686452926,19.67949100320497,0.027947877305893123,5479.0,7284.0,0.3250593174
19124,2017-05-01,275648.024263456,125.874477913,1198.19509686214,31.686145597,13713.314301008,2.610955079,0.2459690867,0.9850472849,0.004346829983867186,19.17105882737914,0.028689077893523426,5478.533821456,6714.335513723,0.276290876
19124,2017-06-01,290000.0,130.2606504,1204.4786668502366,26.0,15563.0,2.3,0.2825290754,0.9923366874,0.004153374713276678,20.06400555840772,0.027412273107626076,6824.0,8581.0,0.3281066823
19124,2017-07-01,272650.038175939,126.341748518,1208.9822912899278,31.597997305,14171.070711179,2.584194221,0.2602531953,0.9866160826,0.00443419080143235,18.793357585427913,0.029265659289453513,5538.826328933,6707.422765824,0.263599277
19124,2017-08-01,277500.0,127.969251745,1210.0344056766155,30.0,15968.0,2.4,0.3294714429,0.9880822683,0.004360484344780597,19.111026836521383,0.02877919667555194,6579.0,7341.0,0.2669098647
19124,2017-09-01,270000.0,127.551020408,1209.1072695134335,34.0,15895.0,2.9,0.307266436,0.9852721136,0.004478175072271976,18.60877075782896,0.029555955476995046,5454.0,6398.0,0.2456912358
19124,2017-10-01,282066.545308195,128.509969543,1207.064250479135,35.723743454,14733.914542381,2.725166056,0.2544604909,0.9856554598,0.004279359855172677,19.473317541315,0.028243775044139673,5512.842742125,6763.810615137,0.2413674357
19124,2017-11-01,282324.339744381,128.712963459,1208.875732460932,36.041577568,14402.997442492,2.463585863,0.2555938568,0.987507081,0.00428186862512619,19.461908019393622,0.028260332925832854,5679.129307287,6700.486885463,0.2336601843
19124,2017-12-01,279990.0,128.358267059,1209.2132081977334,45.0,11738.0,2.1,0.1737093202,0.9788703603,0.004318772842593426,19.29560464756734,0.028503900761116613,5503.0,3750.0,0.1906232964
19124,2018-01-01,263500.0,126.335205267,1213.409844497918,45.0,12164.0,3.3,0.2137454785,0.9791130252,0.004604970946861168,18.096386338796524,0.030392808249283712,3659.0,5826.0,0.1924022957
19124,2018-02-01,287479.825220481,131.612060085,1218.9328959446436,32.040023151,14393.320155701,2.684068222,0.2534605028,0.985555313,0.004240064133230184,19.653790771756082,0.027984423279319215,5575.445454988,6755.041647054,0.2375299236
19124,2018-03-01,285957.494409249,131.351935585,1226.094595728263,33.501353628,14860.134952874,2.811072529,0.2642071581,0.9831015189,0.004287681280258854,19.435524211422347,0.028298696449708442,5517.326480256,6856.347936034,0.2423007247
19124,2018-04-01,279834.964445896,130.930427242,1234.006133115848,35.831425938,15418.446875995,2.904539749,0.2614910988,0.9808479038,0.004409763931963669,18.89745905201437,0.029104441950960222,5453.902358213,6925.887170819,0.2296444675
19124,2018-05-01,295000.0,134.25067453,1239.1318259664104,28.0,16616.0,2.5,0.2867116033,0.9880165473,0.004200446867682747,19.839159012932758,0.027722949326706135,6692.0,8923.0,0.2758517633
19124,2018-06-01,300000.0,135.077078595,1246.9375869262335,30.0,18265.0,2.7,0.3075828087,0.9871444504,0.004156458623087445,20.049118947185086,0.02743262691237714,6746.0,9028.0,0.2625259413
19124,2018-07-01,286621.676911061,132.023218656,1250.3249607449732,38.655056218,16763.366701447,2.954622898,0.2869024864,0.9806986203,0.004362283321414487,19.103145576136534,0.028791069921335618,5384.514895454,6900.953005985,0.2073447443
19124,2018-08-01,288000.0,132.662397072,1250.7600054621485,37.0,18583.0,2.9,0.3434859818,0.9823039217,0.00434291668563246,19.18833340943944,0.02866325012517424,6397.0,7409.0,0.2041581992
19124,2018-09-01,280000.0,132.432432432,1247.633205748175,41.0,18516.0,3.8,0.3017930439,0.9819536933,0.004455832877672054,18.702077842935342,0.029408496992635556,4891.0,6177.0,0.1821713351
19124,2018-10-01,281183.441131029,133.085088378,1250.2397530287938,42.389382209,17504.511163195,3.463022946,0.2827556647,0.9834426399,0.004446349144885076,18.741967987196208,0.0293459043562415,5277.369330302,6918.678635016,0.1936319286
19124,2018-11-01,280000.0,132.404396077,1251.974749814529,50.0,17365.0,3.8,0.2681255399,0.9780389612,0.004471338392194747,18.637223583614603,0.02951083338848533,4568.0,5287.0,0.1558669002
19124,2018-12-01,288352.360878666,133.250275313,1255.1304427924777,45.224147712,17666.577774411,3.561450447,0.2627824726,0.9830259108,0.004352766313297557,19.144913219612263,0.028728257667763876,5297.157189227,6993.770067649,0.1776604505
19124,2019-01-01,264990.0,128.234398782,1256.585521134756,54.0,15981.0,4.9,0.2555534697,0.9750767925,0.004742011099040553,17.573415918447367,0.03129727325366764,3241.0,6238.0,0.1459426103
19124,2019-02-01,282993.122052507,132.426219476,1260.473099490476,45.748799017,18451.821060384,3.747861445,0.2947403243,0.9790939427,0.00445407679998882,18.709451380259654,0.029396906879926212,5374.604422192,7012.93959398,0.1672285
19124,2019-03-01,287569.602683388,132.625959721,1270.5814934878802,48.384916009,18700.709776901,3.512775344,0.2969692631,0.9773805391,0.004418344225647455,18.860760745983264,0.029161071889273204,5497.76746092,7160.826385795,0.1547676128
19124,2019-04-01,293249.5,136.518954837,1279.3572241782708,39.0,18771.0,3.1,0.2838953705,0.9816487117,0.004362691919946226,19.101356424535357,0.0287937666716451,6049.0,8774.0,0.1911059679
19124,2019-05-01,301000.0,137.039684255,1288.0890618153485,37.0,19781.0,2.8,0.3091855821,0.9819139545,0.00427936565387159,19.4732911542487,0.028243813315552493,7090.0,9065.0,0.1873060649
19124,2019-06-01,305000.0,136.962821536,1294.506668958849,38.0,20727.0,3.3,0.3171225937,0.9819213619,0.004244284160520816,19.634249306037862,0.02801227545943739,6348.0,8566.0,0.1816320101
19124,2019-07-01,291159.480998076,134.921417624,1297.1227679084825,45.706466149,18673.097838052,3.116443053,0.2787701872,0.9771388336,0.0044550250036922345,18.70546927666362,0.02940316502436875,5545.914450875,7002.816697615,0.1536717852
19124,2019-08-01,289963.300617076,134.086784103,1298.7757601796611,45.472454411,18308.054740401,3.078034309,0.2898767007,0.9806289259,0.0044791039328622405,18.604911737353145,0.02956208595689079,5663.827918888,6985.790656624,0.1618058045
19124,2019-09-01,291466.444273927,136.0533859,1297.3768652978615,47.020704627,18255.197182504,3.174053006,0.2872178864,0.9813534627,0.004451204901235753,18.72152263990322,0.029377952348155975,5655.911294867,7151.459052111,0.1615331431
19124,2019-10-01,288000.0,135.614262839,1297.5195855760949,50.0,18915.0,3.4,0.3352365847,0.9775536762,0.004505276338805885,18.49683061958874,0.02973482383611884,5489.0,6576.0,0.1546729823
19124,2019-11-01,288000.0,134.316476413,1295.5861321902694,52.0,17409.0,3.7,0.2646906772,0.9776211012,0.004498562958993991,18.524434156628782,0.029690515529360344,4665.0,5183.0,0.1414790997
19124,2019-12-01,295990.0,136.333878887,1293.0743649503197,58.0,14859.0,2.5,0.1924086412,0.9762327958,0.00436864206544248,19.075340136590675,0.028833037631920373,5866.0,3974.0,0.1396181384
19124,2020-01-01,281000.0,133.89920071,1294.8110952810075,60.0,15216.0,3.8,0.2478312303,0.975900789,0.0046078686664804535,18.085006185079564,0.030411933198770995,3977.0,6518.0,0.1367865225
19124,2020-02-01,295522.077682119,137.857666715,1300.6614274854803,47.932454884,17421.141322975,2.966777776,0.2783635837,0.9809764031,0.004401232685175382,18.934089445900913,0.029048135722157524,6112.936811142,7270.291603531,0.1672807984
19124,2020-03-01,298270.838658612,138.599260177,1308.5407874802938,43.892956435,16880.047967909,3.098149973,0.2593794786,0.9800053169,0.004387089241995908,18.995130651917354,0.028954788997172992,5917.280701697,6850.717791245,0.1728248442
19124,2020-04-01,300000.0,139.200718455,1309.6918728200487,37.0,16012.0,3.3,0.2040969273,0.9826195231,0.004365639576066829,19.08845929246672,0.02881322120204107,4893.0,6183.0,0.2000817494
19124,2020-05-01,299350.0,139.028372697,1309.5918982592148,40.0,16493.0,3.2,0.2320378342,0.981260728,0.004374785028425638,19.048555024273423,0.028873581187609215,5113.0,8279.0,0.1783688637
19124,2020-06-01,312000.0,141.068638057,1310.7073379699643,38.0,15464.0,2.1,0.2657785825,0.9836177959,0.00420098505759604,19.83661741016041,0.027726501380133863,7349.0,8104.0,0.2035651109
19124,2020-07-01,310666.177116956,140.016111617,1314.585133029163,42.173614515,12561.74830272,1.731921286,0.2053562194,0.980963655,0.004231503877341186,19.693550035382412,0.027927925590451833,6720.771041267,6794.579687057,0.2031890846
19124,2020-08-01,321000.0,144.00921659,1318.2870709181586,33.0,13460.0,1.8,0.2531203566,0.9869401484,0.004106813305040992,20.291483236173438,0.02710496781327055,7366.0,7334.0,0.2484387727
19124,2020-09-01,323450.2504426,145.013911023,1319.902488970837,31.285936366,11328.380360719,1.675521245,0.1772651895,0.9906787696,0.004080697069069264,20.421347608716328,0.026932600655857144,6530.926389428,6915.841735588,0.2824404871
19124,2020-10-01,322500.0,146.249886607,1321.785089690237,31.0,11731.0,1.7,0.2384280965,0.9886070098,0.004098558417644146,20.332352217937494,0.027050485556451363,6860.0,6682.0,0.2724489796
19124,2020-11-01,328851.182543213,150.337912644,1322.63581604023,26.595280247,10475.264375363,1.504257584,0.2146576319,0.9947987905,0.004021988930711623,20.719433784863476,0.026545126942696715,6556.163519937,6764.578856241,0.3422501692
19124,2020-12-01,326841.233412111,152.334948015,1326.3390667085591,25.642913804,10481.468875247,1.483037573,0.2253850546,0.9959161109,0.0040580530579389625,20.535299106132772,0.026783150182397148,6421.673583224,7022.087789272,0.357054675
19124,2021-01-01,334520.168925066,154.400120888,1335.247759598141,26.166198463,10009.033403606,1.432566634,0.2050366292,0.99723734,0.003991531404186402,20.877534182978387,0.026344107267630253,6534.793791796,6855.657440556,0.3756484042
19124,2021-02-01,330000.0,156.990302851,1347.2377200837675,28.0,7002.0,1.6,0.1003998857,0.9987399869,0.004082538545708387,20.41213632163604,0.02694475440167535,4448.0,4602.0,0.3911870504
19124,2021-03-01,342500.0,160.447761194,1359.380015039548,24.0,7142.0,1.2,0.1232147858,1.006607322,0.003968992744641016,20.996091123081808,0.026195352114630702,6006.0,7094.0,0.4458874459
19124,2021-04-01,360000.0,168.137873056,1376.187839116161,18.0,7660.0,1.2,0.1124020888,1.022119616,0.0038227439975448917,21.799349730678564,0.025230110383796286,6417.0,7800.0,0.5474520804
19124,2021-05-01,375000.0,171.480144404,1398.9594862934673,17.0,7930.0,1.2,0.1273644388,1.032195427,0.0037305586301159127,22.338030733682388,0.02462168695876503,6732.0,7677.0,0.6271538919
19124,2021-06-01,379000.0,175.217212883,1429.947016908252,17.0,8568.0,1.2,0.1597805789,1.037292083,0.0037729472741642534,22.08706543660686,0.02490145200948407,7299.0,8260.0,0.6494040279
19124,2021-07-01,380000.0,177.998301161,1461.5599823412886,18.0,9891.0,1.4,0.2218178142,1.034235441,0.0038462104798454963,21.66634763490137,0.025384989166980277,6956.0,8807.0,0.642466935
19124,2021-08-01,372780.638398556,176.992159249,1491.490466378463,20.418563113,7985.269468571,1.387517489,0.1861830744,1.024399808,0.004000986941773102,20.828194279585134,0.026406513815702474,6157.729413353,6784.33713695,0.5858424271
19124,2021-09-01,376856.018230789,179.584173053,1512.912682733706,20.458231924,7725.732582688,1.298729764,0.1849052166,1.017414779,0.004014564208995036,20.757753269113643,0.026496123779367237,6209.615227748,6698.26231073,0.5746564061
19124,2021-10-01,382348.37040782,182.400362503,1525.9346063887274,20.814766662,7377.754721586,1.216467317,0.1605142526,1.017546418,0.003990953602760584,20.88055678615026,0.026340293778219854,6240.773659751,6658.352369884,0.56944722
19124,2021-11-01,377500.0,183.333333333,1535.640263553856,21.0,7146.0,1.2,0.15924993,1.015216204,0.004067921227957234,20.48548353409989,0.026848280104517747,5815.0,5158.0,0.5119518487
19124,2021-12-01,391814.659647043,190.570118445,1544.750182057313,18.21093691,7864.127330477,1.106405523,0.1833452374,1.021070695,0.003942553306833555,21.136894506636906,0.026020851825101464,6059.804922882,6795.998175662,0.6347679715
19124,2022-01-01,379500.0,188.569667078,1555.7487794530496,22.0,5286.0,1.3,0.1121831252,1.018167761,0.004099469774579841,20.327832113818737,0.027056500512226953,4194.0,4754.0,0.511921793
19124,2022-02-01,396500.0,197.433366239,1567.6469190242656,18.0,5223.0,1.2,0.07830748612,1.032919289,0.003953712280010758,21.07723765197871,0.026094501048071005,4477.0,4897.0,0.5910207728
19124,2022-03-01,419999.0,205.411667883,1580.822988236568,16.0,6099.0,1.1,0.1137891458,1.050021614,0.0037638732193090176,22.14031357534192,0.024841563247439514,5779.0,6971.0,0.6577262502
19124,2022-04-01,433022.385795878,209.162609564,1598.48552559187,17.981441103,7803.828686016,1.438944736,0.1790521716,1.053758788,0.003691461638071937,22.57461718520218,0.024363646811274786,5715.586609817,6735.125611414,0.5847873508
19124,2022-05-01,462500.0,217.391304348,1619.7056629235,14.0,9597.0,1.5,0.197561738,1.057056143,0.0035020662982129733,23.79547565271865,0.02311363756820562,6425.0,9103.0,0.7165758755
19124,2022-06-01,433884.216183924,211.450957447,1646.2299504093655,21.22849072,11259.715497499,2.171099282,0.2745239262,1.03005436,0.003794168787443346,21.963528246060573,0.025041513997126088,5449.976907003,6947.45591364,0.5319694412
19124,2022-07-01,435000.0,211.004273504,1665.9477920063032,20.0,14741.0,2.6,0.3904755444,1.015143693,0.0038297650390949497,21.759385362457294,0.025276449258026665,5730.0,8636.0,0.5223385689
19124,2022-08-01,429000.0,207.771425722,1672.56906121888,25.0,14557.0,2.4,0.4077076321,0.9976066968,0.00389876238046359,21.37430425380898,0.025731831711059697,6127.0,7040.0,0.3742451444
19124,2022-09-01,424241.059243611,205.838915575,1666.7154154704328,31.13314676,13387.054119301,2.509905662,0.3433002656,0.9894366228,0.003928698977043989,21.211432543002967,0.025929413248490327,5133.549537441,6594.950099178,0.2939423088
19124,2022-10-01,424295.669764285,203.673310826,1653.0615871614275,31.299894017,13942.635838395,2.762754305,0.3636199078,0.9885199723,0.003896013334474463,21.389386067020286,0.025713688007531457,4918.288027716,6414.315213852,0.269361532
19124,2022-11-01,420193.342410339,202.268442853,1643.0606943780024,35.120795317,14525.922678116,3.153366974,0.3703414231,0.9845306489,0.003910249231824988,21.311514533420176,0.025807644930044928,4713.290263099,6340.539799961,0.2405185646
19124,2022-12-01,400000.0,195.912162162,1635.9461993584605,46.0,12638.0,2.8,0.2775755658,0.9746458599,0.004089865498396151,20.37556818580285,0.0269931122894146,4496.0,3471.0,0.1579181495
19124,2023-01-01,396000.0,192.620727075,1635.173609353655,54.0,12063.0,3.8,0.3349083976,0.9728649665,0.004129226286246603,20.181343321119346,0.027252893489227586,3141.0,4963.0,0.1454950653
19124,2023-02-01,403999.0,195.966132972,1638.0232806189545,55.0,11053.0,2.4,0.2478060255,0.9774984363,0.00405452310678728,20.55317755960822,0.026759852504796056,4564.0,4778.0,0.1765994741
19124,2023-03-01,415000.0,198.786039454,1648.901610104267,40.0,11509.0,2.0,0.2767399427,0.9832916511,0.003973256891817511,20.973557865072667,0.026223495485995573,5740.0,7014.0,0.2331010453
19124,2023-04-01,426340.0,202.251270879,1653.4504107782866,31.0,11651.0,2.2,0.2546562527,0.9899767198,0.0038782436805795528,21.48738970442421,0.025596408291825048,5290.0,6609.0,0.2888468809
19124,2023-05-01,413666.481113243,199.757518415,1660.8751333822104,36.374173245,11750.571929141,2.304362698,0.2845230026,0.9844552527,0.0040150101814208595,20.755447574940582,0.026499067197377678,5244.377175762,6256.784397663,0.2481559234
19124,2023-06-01,440000.0,205.193478256,1662.207787772517,28.0,13643.0,2.2,0.3207505681,0.9912619402,0.003777744972210266,22.05901508607582,0.024933116816587757,6296.0,7995.0,0.3016200762
19124,2023-07-01,430000.0,205.115378202,1668.8507042132603,29.0,14161.0,2.6,0.343054869,0.9900889703,0.0038810481493331637,21.471862787286355,0.02561491778559888,5403.0,7046.0,0.2905793078
19124,2023-08-01,421586.73429278,203.485043285,1668.5222104296035,35.318531188,12895.210052256,2.679560864,0.2959924666,0.9843963764,0.003957719906032105,21.055894634262003,0.026120951379811897,4966.810902724,6538.481744684,0.227366909
19124,2023-09-01,420000.0,203.116531165,1664.0823187065018,37.0,14960.0,3.1,0.3503342246,0.9819251649,0.003962100758825004,21.032613354852327,0.02614986500824503,4818.0,6070.0,0.198422582
19124,2023-10-01,421023.966540994,203.298574069,1655.587684108944,36.194690913,14576.101145615,3.12994773,0.3178088351,0.9841937537,0.003932288457853725,21.192070273200997,0.025953103821834588,4872.12870157,6697.78602086,0.2152504866
19124,2023-11-01,412000.0,200.648759907,1648.120018143148,40.0,15665.0,3.8,0.3045004788,0.9773438444,0.004000291306172689,20.831816224169724,0.02640192262073975,4084.0,5577.0,0.1613614104
19124,2023-12-01,410000.0,197.17507498,1640.0043669092902,49.0,13769.0,3.2,0.2113443242,0.9750078345,0.004000010650998268,20.83327785953173,0.026400070296588574,4288.0,4019.0,0.1399253731
19124,2024-01-01,400000.0,196.00591716,1636.923347891881,55.0,14310.0,3.9,0.2669461915,0.9747961108,0.004092308369729702,20.363405150437753,0.027009235240216034,3673.0,6019.0,0.1442962156
19124,2024-02-01,411475.0,198.863636364,1635.764924753815,53.0,15058.0,3.3,0.2518262717,0.9779656279,0.003975368916103809,20.962415084486523,0.026237434846285143,4513.0,6799.0,0.1741635276
19124,2024-03-01,424420.0,202.759197324,1639.303719745567,40.0,16614.0,3.2,0.2552666426,0.9809040542,0.003862456339818027,21.57521690905623,0.025492211842798977,5263.0,8080.0,0.1943758313
19124,2024-04-01,419355.836928033,202.928829472,1644.0433673441566,44.991753426,18261.580785043,3.539703012,0.3212640928,0.9785904538,0.003920401774749343,21.256324764994623,0.025874651713345666,5134.864956287,7134.510218012,0.1843693847
19124,2024-05-01,432550.5,207.715133531,1649.9569746311884,34.0,19584.0,3.1,0.3137765523,0.984877234,0.003814484030491673,21.846554518827535,0.025175594601245042,6368.0,8841.0,0.2231469849
19124,2024-06-01,429700.0,204.935184172,1655.7481616675482,38.0,21062.0,3.8,0.3533377647,0.9823311356,0.003853265444886079,21.62667859903876,0.02543155193624812,5481.0,8234.0,0.1886517059
19124,2024-07-01,414567.245421553,201.458727022,1658.9278185260862,47.21885126,19905.511793963,3.954577213,0.3167843436,0.9758743132,0.004001589215856174,20.825059454660558,0.02641048882465075,5059.20917563,7307.61777763,0.1449275381
19124,2024-08-01,420700.0,202.138804841,1658.8881221616002,47.0,22342.0,4.0,0.3521170889,0.977306003,0.0039431616880475405,21.133633344514436,0.026024867141113767,5527.0,7754.0,0.1405825945
19124,2024-09-01,419025.408879734,200.716314027,1652.9120985985212,51.597542376,21296.325667394,4.094826629,0.2830807461,0.9793986918,0.003944658399159105,21.12561466693738,0.026034745434450102,5176.140522186,7548.388762244,0.1486156008
19124,2024-10-01,422337.520333837,201.305201667,1646.7777841679938,52.512175602,21693.747512149,4.091025597,0.277950083,0.9787401998,0.003899198401473535,21.371914109792687,0.02573470944972533,5212.232557559,7618.752305214,0.1535715214
19124,2024-11-01,419993.795058576,200.824243326,1638.032939341226,52.422580216,21798.314522983,3.946364919,0.2867080683,0.9804979975,0.0039001360463260457,21.36677601588639,0.025740897905751906,5420.725061971,7434.368193511,0.1574692272
19124,2024-12-01,431458.852550055,201.718138006,1632.0572623671185,55.141907714,22030.900091836,4.42162383,0.3078266972,0.9807092559,0.0037826486876353475,22.030418422343,0.024965481338393294,5237.968546162,7871.461625457,0.1623103864
19124,2025-01-01,419192.460897617,199.73027745,1630.0121512400297,56.476732809,22716.103661755,4.596800043,0.3260351455,0.9784188997,0.0038884576973299665,21.430947645529145,0.025663820802377783,5278.491680039,7770.637704609,0.1414340718
19124,2025-02-01,415000.0,195.558833958,1634.849708078401,71.0,21359.0,4.9,0.273608315,0.97510333,0.003939396886935906,21.153830326080868,0.02600001945377698,4382.0,7265.0,0.133044272
19124,2025-03-01,418545.209912686,197.249723826,1644.7557227750556,54.56162405,24529.638231367,4.854871323,0.3589244985,0.9750990966,0.0039296966822728015,21.206047201876203,0.02593599810300049,5274.812542393,7803.08814562,0.1421063202
19124,2025-04-01,425000.0,200.400801603,1653.922861694167,47.0,25768.0,4.6,0.3361921763,0.9805866702,0.0038915832039862755,21.41373548122324,0.02568444914630942,5557.0,10206.0,0.1704156919
19124,2025-05-01,402007.030616451,192.901280939,1658.7521554191812,59.929584734,26578.044142154,5.13570922,0.3599859105,0.9712941837,0.00412617697972992,20.19625763575171,0.027232768066217473,5299.337740011,7826.583626576,0.126430692
19124,2025-06-01,420000.0,199.311023622,1659.191032787038,47.0,28409.0,4.6,0.3694603823,0.9773591265,0.0039504548399691385,21.09461738182643,0.026073001943796314,6159.0,9026.0,0.1501867186
19124,2025-07-01,409386.956260873,193.912056716,1656.1537867381894,62.528763449,26354.541861039,4.878013704,0.320590578,0.9709775652,0.004045448350051586,20.599282483057955,0.026699959110340468,5249.208945878,7542.887505086,0.1197442463
19124,2025-08-01,405000.0,194.961007798,1652.3583644032897,60.0,27723.0,5.0,0.3531724561,0.9737620137,0.004079897196057505,20.42535125979649,0.026927321493979535,5554.0,7380.0,0.1238746849
19124,2025-09-01,400000.0,190.500036658,1647.5428559469708,67.0,26915.0,5.1,0.3508452536,0.9700852212,0.004118857139867427,20.23214947824473,0.027184457123125023,5236.0,6951.0,0.1130634072
19124,2025-10-01,403888.0,190.966326531,1642.258877671116,67.0,26754.0,5.2,0.3701502579,0.9713882692,0.004066124464383977,20.49453578297152,0.02683642146493425,5125.0,7344.0,0.1125853659
19124,2025-11-01,403833.395927767,190.398130071,1637.2150488490397,67.78803327,24824.540961604,4.926774924,0.3156461818,0.9764568303,0.00405418438732067,20.554894738866743,0.026757616956316427,5145.625253362,7395.248918675,0.1315351874
19124,2025-12-01,399225.31858371,189.708217312,1632.961915285715,64.654300745,23783.07669552,4.708997234,0.304697749,0.9732690576,0.004090326538103354,20.37327156085055,0.026996155151482137,5259.673685004,7455.980956205,0.1330890596
19124,2026-01-01,411776.844776257,191.264979853,1631.5391100957138,64.918053026,23702.251361264,5.009821839,0.3123800592,0.9767783859,0.003962192461264369,21.032126568314393,0.026150470244344838,5145.961096964,7359.647069621,0.1428106779
19124,2026-02-01,405303.900965154,190.47847224,1634.9028232945047,66.606136593,24597.313169467,5.34646649,0.3476184595,0.9741730337,0.004033770263255042,20.6589190496158,0.02662288373748328,5112.31777715,7746.37003829,0.1276119205
19124,2026-03-01,400000.0,189.657663267,1641.654736179872,66.0,23519.0,4.4,0.3052850887,0.9753682128,0.00410413684044968,20.304716088414516,0.027087303146967893,5394.0,9206.0,0.1449758991
19124,2026-04-01,401539.283681993,189.377811004,1650.5569690019804,65.84027068,24341.552169131,4.776943362,0.3446891974,0.9714559091,0.004110574073517478,20.272918537148215,0.02712978888521536,5220.182435467,7434.652469582,0.138393466
19124,2026-05-01,425000.0,196.335078534,1655.091611452694,47.0,24274.0,4.2,0.3626513966,0.9782238489,0.0038943332034181034,21.39861408371288,0.025702599142559488,5733.0,8345.0,0.166753881
26900,2012-01-01,119609.765552199,60.805572518,,114.700397618,14676.410224277,7.313379695,,0.9464314998,,,,2210.430386901,3598.635678535,0.07910781611
26900,2012-02-01,104500.0,55.83517926,,133.0,13833.0,9.6,,0.9391199723,,,,1447.0,2890.0,0.1057360055
26900,2012-03-01,119367.331151713,61.977622747,,117.474829652,15104.865481117,7.821596161,,0.9496810768,,,,2122.690288511,3241.491649521,0.093432324
26900,2012-04-01,124500.0,63.99383192,,107.0,15517.0,6.9,,0.9543840165,,,,2264.0,3648.0,0.1042402827
26900,2012-05-01,121708.661652834,63.527667857,,130.052732429,14916.089409012,7.508420955,,0.9501480277,,,,2158.799740228,2791.758566463,0.08995107011
26900,2012-06-01,134000.0,66.529138731,,97.0,15810.0,5.8,,0.9561637183,,,,2749.0,3427.0,0.08985085486
26900,2012-07-01,121470.254292138,64.127097107,,127.319689854,14559.076469582,7.032232391,,0.9502891639,,,,2079.801735692,2749.878032027,0.09314583051
26900,2012-08-01,125000.0,65.772215012,,106.0,15063.0,5.7,,0.9513731828,,,,2655.0,3030.0,0.0922787194
26900,2012-09-01,124000.0,64.740172148,,109.0,14531.0,6.6,,0.9530558248,,,,2199.0,2542.0,0.08594815825
26900,2012-10-01,122500.0,65.026599459,,112.0,13911.0,6.0,,0.9543427216,,,,2329.0,2612.0,0.1004723057
26900,2012-11-01,122500.0,64.703061247,,116.0,12976.0,6.0,,0.9520796547,,,,2159.0,2080.0,0.0907827698
26900,2012-12-01,125658.152575246,64.921742829,,107.492275132,13533.815215756,6.163719932,,0.9521691031,,,,2214.783053853,3073.497419075,0.1033640895
26900,2013-01-01,125372.48355866,66.794481094,,100.160326006,13628.257835574,5.430075364,,0.9557787595,,,,2760.501761223,3467.042130389,0.10198692
26900,2013-02-01,125296.372492178,65.507136706,,97.454460922,13669.93070518,5.481278731,,0.9563526804,,,,2788.867912385,3546.758496746,0.09957633505
26900,2013-03-01,126396.427564843,66.513270749,,99.423826599,13472.821346128,5.511090101,,0.9523632371,,,,2653.661552778,3244.654183525,0.09608831836
26900,2013-04-01,126344.998417719,66.426845816,,101.703243295,13540.979092252,5.582226697,,0.9526802893,,,,2615.132723569,3219.768063855,0.09100411025
26900,2013-05-01,135000.0,69.873798319,,81.0,14349.0,4.3,,0.9621380313,,,,3373.0,4229.0,0.09902164245
26900,2013-06-01,129043.70088855,68.659276511,,102.959711638,13367.979788402,5.374819381,,0.9567126735,,,,2664.718899962,3146.27495167,0.0952930955
26900,2013-07-01,133606.060970012,69.203148992,,99.577663987,13255.430490436,5.022240989,,0.9579723648,,,,2720.375125561,3204.611632336,0.1004967534
26900,2013-08-01,131133.354538575,68.302835809,,94.636833349,13299.491971192,5.216147187,,0.9601718417,,,,2551.030801566,3123.524091308,0.1122912472
26900,2013-09-01,132385.932231397,69.744869036,,94.486681507,13327.574761752,5.483756488,,0.9593974777,,,,2370.507367853,2989.746451008,0.1106012428
26900,2013-10-01,130000.0,69.061633603,,90.0,13527.0,5.4,,0.9574900036,,,,2503.0,2798.0,0.09149021175
26900,2013-11-01,129000.0,68.75,,98.0,12717.0,5.9,,0.9548351118,,,,2146.0,2156.0,0.09459459459
26900,2013-12-01,135642.129262913,71.605376492,,92.557726941,12889.952743075,5.403375554,,0.9622908662,,,,2369.33868402,2954.867046185,0.09880646492
26900,2014-01-01,124250.0,65.652056613,,109.0,11066.0,7.7,,0.9568867553,,,,1438.0,1894.0,0.1112656467
26900,2014-02-01,134604.640059372,70.422172743,,95.49081251,12479.36499539,5.658696123,,0.9599447751,,,,2392.451713788,2764.626793818,0.1046233486
26900,2014-03-01,135221.604809352,70.829117811,,105.582217552,12847.024942758,5.751435477,,0.9578141153,,,,2406.418140404,3291.015639808,0.09605653782
26900,2014-04-01,133608.312706125,71.848424279,,104.326472296,13168.415849126,6.049675548,,0.9579613884,,,,2389.373241409,3344.98947901,0.08499727833
26900,2014-05-01,141500.0,74.263764405,,73.0,14135.0,4.6,,0.9656249085,,,,3043.0,4272.0,0.09300032862
26900,2014-06-01,137361.27839774,71.761278609,,99.532204143,13505.715486605,5.660178587,,0.956630579,,,,2470.344503911,3295.814404378,0.07541296926
26900,2014-07-01,136086.486834405,72.416820776,,99.982962586,13573.920407594,5.60148265,,0.9584523872,,,,2527.105696388,3235.301083063,0.07746183769
26900,2014-08-01,145000.0,75.183524723,,76.0,14584.0,5.0,,0.9619763019,,,,2936.0,3346.0,0.07629427793
26900,2014-09-01,138262.098835155,72.721403214,,92.45690234,13397.955295921,5.027036886,-0.04495775005,0.9585454735,,,,2609.402105587,3163.515742823,0.08348698741
26900,2014-10-01,138500.0,73.143459169,,91.0,13624.0,5.0,7.339988256e-05,0.9601473515,,,,2733.0,2953.0,0.07208196121
26900,2014-11-01,139359.347500536,73.973617923,,84.869115401,12728.498142321,5.093867904,0.01265758253,0.9613245961,,,,2473.333107921,2825.139109478,0.08206975603
26900,2014-12-01,137408.328927569,73.14585948,,79.859694222,11686.789523283,4.59269714,0.2151937225,0.964090867,,,,2546.241753098,3150.979888328,0.09177185673
26900,2015-01-01,137820.406781828,72.720047702,871.8114884211241,76.514793259,11450.127216508,4.503851243,0.2188200924,0.9616102895,0.006325706829477119,13.173758376693792,0.04174966507454899,2658.749355552,3268.174532077,0.08692728228
26900,2015-02-01,130000.0,69.438491213,874.0730716411194,92.0,9964.0,5.5,0.1651947009,0.9530262639,0.006723639012623996,12.39408201077876,0.044376017483318375,1828.0,2633.0,0.06892778993
26900,2015-03-01,140000.0,73.332930173,880.6015956409833,79.0,10371.0,4.2,0.1983415293,0.9594717252,0.006290011397435595,13.248518654085094,0.04151407522307493,2492.0,3692.0,0.07784911717
26900,2015-04-01,145583.644887395,73.70016286,884.7602884370737,73.684120308,11111.137584317,4.448759163,0.2439762346,0.9585074418,0.0060773329938360295,13.712155219708158,0.0401103977593178,2700.837439215,3462.427212072,0.08725389683
26900,2015-05-01,154000.0,79.044117647,890.8476309066616,50.0,11592.0,3.6,0.2305037957,0.9660502932,0.005784724876017283,14.405755696147711,0.03817918418171407,3200.0,4225.0,0.0940625
26900,2015-06-01,145959.164380091,75.130140526,891.5444601781018,67.721981359,11021.489852546,3.938542612,0.2383460255,0.9606578533,0.006108177338261806,13.642913215916446,0.04031397043252792,2858.728163133,3354.816621574,0.09071023638
26900,2015-07-01,154417.5,79.860349325,893.5036060216191,49.0,11777.0,3.3,0.2818204976,0.965355186,0.005786284624615857,14.401872486330674,0.03818947852246466,3530.0,3713.0,0.08045325779
26900,2015-08-01,150000.0,78.327922078,893.6016107269354,55.0,11824.0,3.9,0.2779093369,0.9652531782,0.005957344071512903,13.988336468900702,0.039318470871985166,3026.0,3567.0,0.07865168539
26900,2015-09-01,144627.777726682,76.344935521,895.9370919318769,62.778272195,10528.980535505,4.024870814,0.2427252332,0.9629765484,0.006194778804006942,13.452188684998921,0.04088554010644582,2671.708131037,2980.940188352,0.08318588681
26900,2015-10-01,142861.324689193,75.640553475,895.1769519218246,64.185442928,10398.905367354,3.890852425,0.2301698674,0.9615820885,0.006266055238318408,13.299169918536675,0.0413559645729015,2637.424412576,2962.465541297,0.08748846295
26900,2015-11-01,142500.0,76.676053416,897.1926497411192,67.0,10234.0,4.8,0.2057846394,0.9577208047,0.006296088770113117,13.235730367860766,0.04155418588274658,2145.0,2236.0,0.06993006993
26900,2015-12-01,144321.357643647,76.328815852,896.9777005112078,62.156293967,10161.42248761,3.618048238,0.2367264323,0.9651970079,0.006215141786054925,13.408114601715202,0.0410199357879625,2859.243178441,3003.485699304,0.09691168155
26900,2016-01-01,135000.0,71.95481336,897.124086763373,76.0,8775.0,5.1,0.1929344729,0.9524188562,0.0066453636056546155,12.540071285553745,0.04385939979732046,1706.0,2165.0,0.08851113716
26900,2016-02-01,134900.0,72.307291854,896.497584061679,82.0,8754.0,4.4,0.1758053461,0.9578531191,0.006645645545305256,12.539539276542255,0.04386126059901469,1977.0,2748.0,0.0794132524
26900,2016-03-01,148000.0,75.695581015,900.7719676552388,73.0,9212.0,3.5,0.1918150239,0.9637218075,0.006086297078751613,13.691959537148685,0.040169560719760654,2626.0,3845.0,0.08644325971
26900,2016-04-01,147476.059351443,76.398571003,907.545225456024,62.213517509,9674.412882394,3.509813748,0.2167120761,0.9628035156,0.006153847813991946,13.54166301348225,0.04061539557234684,2966.022865808,3286.939769341,0.09694540444
26900,2016-05-01,149503.937303721,77.173865126,916.4716317555448,65.191471184,9422.338313649,3.298340695,0.2162598569,0.9648272569,0.006130083583643082,13.594159393795524,0.040458551652044344,3099.211720957,3197.493694221,0.1129069797
26900,2016-06-01,149573.405883795,78.91660002,920.3926360438144,63.896547531,9138.783340202,3.178667305,0.2227138224,0.9663010747,0.006153451080460628,13.542536089698672,0.04061277713104015,2981.739822414,3093.060590563,0.1129267938
26900,2016-07-01,158900.0,81.05687416,923.5023553352936,44.0,10053.0,2.9,0.256142445,0.9719346795,0.0058118461632177066,14.338530476036576,0.03835818467723687,3429.0,3706.0,0.1461067367
26900,2016-08-01,153000.0,80.208333333,919.5586239483792,48.0,9759.0,2.9,0.3098678143,0.9687611869,0.00601018708462993,13.865347643910237,0.03966723475855754,3346.0,3491.0,0.1171548117
26900,2016-09-01,158000.0,81.403186275,915.8241178253196,51.0,9555.0,3.0,0.2908424908,0.9678782267,0.005796355176109618,14.376850762493264,0.038255944162323474,3133.0,3152.0,0.1136291095
26900,2016-10-01,153064.722034126,79.986687848,913.38540226933,55.266965745,8603.150859447,3.023917035,0.2402950039,0.9669470722,0.00596731493796258,13.964963170149996,0.039384278590553025,2824.468970132,2997.312885973,0.1197935323
26900,2016-11-01,150000.0,78.196872125,910.630253969624,54.0,8662.0,3.3,0.2583698915,0.9632477215,0.006070868359797494,13.726756765997983,0.040067731174663467,2590.0,2328.0,0.09034749035
26900,2016-12-01,152000.0,78.676942839,909.7126186159658,59.0,7492.0,2.8,0.172450614,0.9596557782,0.0059849514382629325,13.92381111074143,0.03950067949253536,2696.0,1629.0,0.08753709199
26900,2017-01-01,153120.465674593,80.715353801,910.925681740602,47.934069527,8318.143360901,2.92031667,0.2537680619,0.9683061202,0.005949078575012133,14.007771503196757,0.039263918595080084,2934.621947876,3116.700297644,0.1188003338
26900,2017-02-01,150000.0,78.125,919.0512818667776,69.0,7161.0,3.7,0.2115626309,0.9631060363,0.006127008545778517,13.600982063383876,0.04043825640213822,1939.0,2735.0,0.09437854564
26900,2017-03-01,156336.706701671,81.270983511,927.7785145129878,45.899519592,8092.200721241,2.694593886,0.2619759469,0.9687043321,0.00593448930892102,14.04220801410199,0.039167629438878734,3180.824887878,3260.975080622,0.1243235534
26900,2017-04-01,160000.0,83.073014289,936.4843270223314,42.0,7615.0,2.5,0.2275771504,0.9744281856,0.005853027043889571,14.23764706850816,0.038629978489671174,3050.0,3711.0,0.1573770492
26900,2017-05-01,168900.0,84.745762712,942.7817940117104,38.0,7741.0,2.2,0.2556517246,0.977400054,0.005581893392609298,14.929223378517184,0.036840496391221375,3571.0,3932.0,0.177541305
26900,2017-06-01,174000.0,86.386165895,947.9117990982006,36.0,8033.0,2.0,0.285198556,0.978608398,0.005447768960334486,15.296781845942446,0.035955275138207614,4068.0,4194.0,0.1897738446
26900,2017-07-01,168000.0,85.807050093,950.1931398621854,35.0,8229.0,2.4,0.289342569,0.9773829186,0.005655911546798722,14.733846638832333,0.037329016208871565,3384.0,3676.0,0.1841016548
26900,2017-08-01,162900.0,85.47008547,950.2184106277662,37.0,8279.0,2.4,0.3279381568,0.9726093099,0.00583313941453509,14.286189204681495,0.03849872013593159,3479.0,3659.0,0.1629778672
26900,2017-09-01,163000.0,84.448544177,949.6602754633046,41.0,8117.0,2.6,0.3095971418,0.9714332348,0.005826136659284078,14.303360564078053,0.03845250195127491,3159.0,3143.0,0.1513137069
26900,2017-10-01,166262.149604598,85.062029844,950.1622290557756,45.195623398,6952.696058522,2.330972102,0.2727019631,0.9713715782,0.005714843885487084,14.58190897304463,0.037717969644214755,2992.185746026,2940.948108555,0.1512791033
26900,2017-11-01,168539.394035886,85.842667901,949.0445873502796,41.780827448,6771.773202995,2.255662578,0.2640825021,0.9756667155,0.005630995606571397,14.79904073021882,0.03716457100337122,2985.012421471,2957.170290361,0.1618782139
26900,2017-12-01,168980.735850751,87.53798689,952.7876618953482,39.363665837,6713.260972583,2.185719846,0.2804116049,0.9760577834,0.005638439536308326,14.779502874281851,0.037213700939634956,2988.360415548,3039.950713458,0.1662898773
26900,2018-01-01,171338.22762867,87.28531738,954.7125847161996,36.66345735,6707.654603185,2.314984366,0.290665867,0.9766144652,0.005572093267973362,14.955480700997434,0.03677581556862419,2992.857097997,2964.185610721,0.1635379768
26900,2018-02-01,166900.0,84.188431082,961.8517860658384,54.0,5579.0,2.7,0.229790285,0.9710266224,0.0057630424569552925,14.459954781828843,0.03803608021590493,2081.0,2464.0,0.1297453148
26900,2018-03-01,173000.0,87.697211334,966.1065898232682,42.0,5549.0,1.9,0.2582447288,0.9761390479,0.005584431155047793,14.92243901297054,0.03685724562331544,2847.0,3451.0,0.1984545135
26900,2018-04-01,175000.0,90.136054422,973.9830103453714,29.0,4901.0,1.6,0.2936135483,0.9822097569,0.005565617201973551,14.97288266677478,0.03673307353302544,3114.0,3741.0,0.23731535
26900,2018-05-01,175659.341429525,88.186714996,979.8468100545632,18.974054347,5520.065184472,1.899074755,0.334401335,0.9767271203,0.005578108184173515,14.93935409316205,0.036815514015545205,3078.13773884,3307.723506144,0.1936302304
26900,2018-06-01,187000.0,92.412451362,986.17521860704,10.0,6250.0,1.6,0.35488,0.9842121135,0.005273664270625883,15.801789620453647,0.03480618418613083,3940.0,4236.0,0.2530456853
26900,2018-07-01,172868.987803092,89.647260133,987.4183655306522,17.659659949,5941.569923339,2.021365847,0.3707095594,0.9760120011,0.005711946243680099,14.589306302652325,0.03769884520828865,2979.013700143,3316.984484096,0.1800680393
26900,2018-08-01,174181.211293153,90.097069965,988.8593511648828,20.503046293,6075.939658442,2.078863108,0.3375516653,0.9741519911,0.005677187245532461,14.678630407850418,0.03746943582051424,3007.116690838,3364.987939958,0.1750682458
26900,2018-09-01,178094.778790974,90.157080675,988.2627407855126,19.543680497,6283.638901503,2.191338982,0.3503931599,0.975485189,0.005549083176354178,15.017495806953187,0.03662394896393758,3025.143185967,3233.831562434,0.1647477187
26900,2018-10-01,176757.615919977,90.363765848,986.8470077660744,20.34674347,6411.170795166,2.181818919,0.3566682274,0.9739442481,0.00558305226414033,14.926124526646335,0.03684814494332618,2951.568813761,3241.550272491,0.1667486675
26900,2018-11-01,180890.476943131,92.782729217,987.126170218973,23.664915956,6309.024216925,2.160695198,0.3422228746,0.9745930682,0.005457037799338155,15.27080009294424,0.03601644947563183,2876.394379758,2962.698205122,0.158564496
26900,2018-12-01,180217.726610966,92.310768039,986.5470398821436,24.049220435,6440.287997674,2.362738762,0.3010991679,0.9726615761,0.005474195343789858,15.222937454701892,0.03612968926901307,2842.735101528,3041.267142261,0.1483594875
26900,2019-01-01,181640.743034439,93.190579856,990.5864142344248,25.174558733,6330.230398953,2.388884576,0.3278288931,0.97302097,0.005453547467853124,15.280573576109136,0.03599341328783062,2788.54165013,2991.23273924,0.1457054912
26900,2019-02-01,173900.0,90.013988809,996.4377225751368,46.0,5273.0,2.6,0.268917125,0.9678592444,0.005729946650805847,14.543474557762858,0.03781764789531859,2039.0,2378.0,0.126532614
26900,2019-03-01,183245.380475593,94.921908281,1006.1670729662666,26.720768252,6034.939559453,2.078973694,0.3268674297,0.9751337524,0.005490818215197959,15.176851621617368,0.036239400220306535,3020.411110233,3060.802148203,0.160066608
26900,2019-04-01,183912.742456774,93.107097967,1015.9647312517008,24.260671879,5975.584699872,2.089918982,0.3612374601,0.973576472,0.005524167154923963,15.0852302249859,0.036459503222498156,3028.417028161,3181.746126971,0.1601289932
26900,2019-05-01,185748.018066811,94.206128216,1020.7010320782834,18.053757324,6131.722443193,2.020984886,0.3558237442,0.9739729953,0.005495084376680409,15.1650689272355,0.03626755688609071,3059.761725355,3341.721125242,0.1761835847
26900,2019-06-01,198500.0,97.866273455,1026.4908919921706,11.0,6274.0,1.7,0.3661141218,0.9826464365,0.00517123875059028,16.114771982597226,0.03413017575389585,3701.0,3818.0,0.2223723318
26900,2019-07-01,199900.0,97.154753643,1028.2258748980998,13.0,6583.0,1.8,0.393285736,0.9799581962,0.0051437012251030504,16.201044673169914,0.03394842808568014,3721.0,3925.0,0.2088148347
26900,2019-08-01,198000.0,97.65625,1028.7964579696527,16.0,6745.0,1.9,0.4088954781,0.9776864966,0.005195941706917438,16.0381578612382,0.03429321526565509,3601.0,3758.0,0.1871702305
26900,2019-09-01,188223.562202359,95.668903992,1029.8468592399586,19.709709046,6009.632751172,2.056420115,0.3572034388,0.974731977,0.005471402449246875,15.23070805087715,0.03611125616502938,2951.820352321,3287.303221171,0.1767032976
26900,2019-10-01,190000.0,97.14927402,1027.9886233367629,18.0,6787.0,2.1,0.4389273611,0.9747660526,0.0054104664386145414,15.402245680443128,0.03570907849485598,3226.0,3348.0,0.1580905146
26900,2019-11-01,185900.0,96.830733803,1025.7242439526851,22.0,6178.0,2.2,0.3392683716,0.9731460068,0.005517612931429183,15.103149562857823,0.03641624534743261,2763.0,2263.0,0.1530944625
26900,2019-12-01,199250.587960815,99.12450751,1024.6860537141904,21.350264135,5673.206877667,1.916444294,0.3452514525,0.9777833937,0.005142700276075005,16.20419796211315,0.03394182182209504,3032.765511828,2922.854914873,0.1792181882
26900,2020-01-01,195586.965350771,98.663661846,1030.334655408097,22.177033229,5483.211591913,1.881274084,0.3441441809,0.9787984784,0.005267910637911205,15.819048397217323,0.03476821021021396,2996.293159678,3128.055238125,0.1597629895
26900,2020-02-01,199823.336870272,100.73658664,1042.1235652535995,22.185957306,5410.490501708,1.758353681,0.3597859773,0.9784914399,0.005215224515693881,15.978858260572109,0.034420481803579615,3102.997712154,3219.715138048,0.1901005884
26900,2020-03-01,207500.0,100.607465315,1052.5060219711338,24.0,4813.0,1.6,0.2728028257,0.9798805398,0.005072318178174139,16.429042975243814,0.033477299975949316,3033.0,3407.0,0.1852950874
26900,2020-04-01,208374.230671644,101.777789502,1059.89860494645,15.94039867,5024.269784383,1.974281542,0.3068612844,0.9787472646,0.005086514784146403,16.3831890537438,0.03357099757536625,2765.274349861,2154.110956653,0.2006351322
26900,2020-05-01,204296.656144961,99.567189814,1072.6883955807332,18.113684409,4652.06477379,1.903947827,0.3213854441,0.9728891226,0.005250640983666395,15.871078139329134,0.03465423049219821,2579.789789434,2885.241910256,0.1800796482
26900,2020-06-01,218000.0,105.009466625,1080.7786186646683,12.0,4101.0,1.1,0.3411363082,0.9838872238,0.0049577000856177444,16.808869414082302,0.032720820565077115,3647.0,3539.0,0.2517137373
26900,2020-07-01,225000.0,105.796640981,1089.9711131435045,9.0,4078.0,1.0,0.3354585581,0.9882236323,0.004844316058415576,17.20229075238932,0.0319724859855428,4127.0,3791.0,0.2854373637
26900,2020-08-01,220455.665303427,104.8166246,1096.306875273572,10.65477361,3429.552157607,1.033447125,0.3380120817,0.9877852988,0.004972913142262213,16.757447988609833,0.03282122673893061,3392.350790182,3177.741433938,0.2680487933
26900,2020-09-01,225000.0,107.963340839,1101.1004439143487,9.0,4114.0,1.1,0.3388429752,0.9887141551,0.004893779750730439,17.028419254236997,0.0322989463548209,3829.0,3837.0,0.300600679
26900,2020-10-01,222692.322308785,108.982628448,1106.3307236364142,8.686156152,3307.552593253,0.9984109526,0.3334606168,0.9901095596,0.004967978743795114,16.774092167245016,0.03278865970904775,3688.575071036,3442.443617465,0.3122528
26900,2020-11-01,227425.996209317,110.260435471,1104.551668556366,7.763172918,3286.958264902,0.9604117393,0.34508803,0.9910695081,0.0048567520290853875,17.15824337628917,0.03205456339196356,3589.841048586,3424.345886224,0.331443529
26900,2020-12-01,220000.0,109.174272197,1110.8755205194273,12.0,3129.0,0.9,0.2783636945,0.9844569458,0.005049434184179215,16.503499262240442,0.03332626561558282,3474.0,1916.0,0.2547495682
26900,2021-01-01,210000.0,108.950944456,1115.0633532109537,14.0,2664.0,1.3,0.3235735736,0.9827169526,0.005309825491480732,15.694175536848853,0.03504484824377283,2121.0,2163.0,0.255068364
26900,2021-02-01,232327.383076605,115.076005532,1122.0970279810656,9.006022865,3117.702525732,0.8995104589,0.2963336349,0.9947712008,0.004829809612287838,17.253958234982903,0.03187674344109973,3336.029217804,2532.371379933,0.3627271719
26900,2021-03-01,228303.715869637,114.352399865,1127.254572122718,6.960233612,3014.466354737,0.9464826158,0.3020443429,0.9952189856,0.0049375217912195,16.877562643171878,0.0325876438220487,3036.847393571,2751.271412559,0.3628475172
26900,2021-04-01,235632.0,118.613949356,1138.704291957251,5.0,2710.0,0.8,0.2394833948,1.004864825,0.004832553693714143,17.244160875383063,0.031894854378513346,3212.0,3663.0,0.4545454545
26900,2021-05-01,252000.0,122.950819672,1155.2115065356058,5.0,2634.0,0.8,0.258921792,1.015107766,0.004584172644982563,18.178489290655918,0.03025553945688492,3489.0,3533.0,0.5021496131
26900,2021-06-01,237338.237726395,120.988157708,1171.792139663794,7.925414359,2806.567741861,0.856506693,0.2988001707,1.010950286,0.004937224405511274,16.878579235797112,0.03258568107637441,3286.279677097,3231.852481807,0.412030429
26900,2021-07-01,257500.0,124.420998456,1191.232741271689,5.0,3374.0,0.8,0.3269116775,1.015844218,0.004626146568045395,18.013552339424198,0.030532567349099607,3977.0,4109.0,0.5199899422
26900,2021-08-01,244564.281306994,121.864299216,1208.4496528201164,6.608880984,2767.329551829,0.8428350801,0.3080150457,1.007347873,0.004941235270996858,16.86487867162849,0.03261215278857927,3397.920476885,3427.538952819,0.4544973634
26900,2021-09-01,252750.0,127.034537515,1222.410750244771,6.0,3359.0,0.9,0.3384935993,1.006363908,0.004836442137466947,17.230296768727307,0.03192051810728185,3825.0,3563.0,0.4583006536
26900,2021-10-01,254744.248259226,127.689608542,1230.8367676400767,6.310579086,2666.572826248,0.8729098632,0.2644870073,1.007379102,0.004831656753983256,17.247362049183785,0.03188893457628949,3508.923005992,3684.905090658,0.4951281667
26900,2021-11-01,256605.9590741,128.349039858,1235.6434974572776,5.700604057,2720.430856835,0.8009957133,0.3062415495,1.006682413,0.004815334382396245,17.30582483284667,0.03178120692381522,3709.340885163,3716.903778338,0.5010493918
26900,2021-12-01,254750.0,127.327261067,1237.3423550712246,7.0,2678.0,0.8,0.2457057506,0.9990670437,0.004857084808915503,17.157067791027536,0.03205675973884233,3480.0,1932.0,0.391091954
26900,2022-01-01,261290.729217149,132.861657068,1239.6683906956457,5.843748815,2951.970263287,0.7213134776,0.2854915319,1.005221451,0.004744402506777818,17.564558069068543,0.0313130565447336,3781.408350437,3390.788689901,0.5364512506
26900,2022-02-01,262564.226188742,135.644124152,1246.8967854981065,4.491209114,3008.015682548,0.8207230675,0.2720555148,1.009532393,0.004748921068180041,17.547845528893934,0.031342879049988275,3347.619514758,2886.826314351,0.5276008087
26900,2022-03-01,269901.006106924,136.65477191,1262.482627404263,4.417876533,3121.363207409,0.9610285811,0.286836926,1.013601936,0.004677576588596035,17.815493077441126,0.030872005484733834,3038.896625415,2865.472742225,0.4767832941
26900,2022-04-01,270619.501398725,139.457773318,1283.174982723279,5.63927119,3330.482702046,1.039318945,0.260811449,1.01710751,0.004741620526573494,17.574863459930587,0.03129469547538506,3094.042994381,3081.210017842,0.4331188829
26900,2022-05-01,287625.0,144.841269841,1300.970692249938,5.0,3152.0,0.9,0.2937817259,1.026057579,0.004523148864841158,18.423743242476675,0.029852782507951647,3530.0,3919.0,0.5447592068
26900,2022-06-01,283024.807950774,141.205747558,1320.7217515716798,8.323178269,4086.059910355,1.344244228,0.3163825832,1.011578294,0.0046664522489540585,17.857963370783814,0.030798584843096787,3099.70005753,3521.45515144,0.3959212852
26900,2022-07-01,278934.554623364,140.3559999,1337.0636534033697,9.255395853,4360.215604809,1.50039698,0.3912029114,1.001886483,0.0047934672533087985,17.38477159217279,0.03163688387183807,3004.601467746,3353.151329012,0.3773812356
26900,2022-08-01,275167.368767461,140.110546899,1346.639694471668,10.598075954,4375.271105763,1.504791632,0.3843436256,0.9904784907,0.004893893125858572,17.028024762742145,0.03229969463066658,3005.34896758,3085.153047749,0.313257176
26900,2022-09-01,285000.0,140.306122449,1343.8136156442692,12.0,5302.0,1.6,0.4560543191,0.9870943712,0.004715135493488664,17.6735819041493,0.031119894257025188,3296.0,3245.0,0.2727548544
26900,2022-10-01,280000.0,140.592468304,1335.714182810201,14.0,5275.0,1.9,0.4801895735,0.9831700155,0.004770407795750718,17.468807049905298,0.03148469145195473,2815.0,2846.0,0.248312611
26900,2022-11-01,275000.0,138.028169014,1331.0638927666691,19.0,4975.0,1.9,0.4275376884,0.9779811537,0.0048402323373333426,17.216804385725965,0.031945533426400066,2601.0,2223.0,0.2041522491
26900,2022-12-01,286372.488378184,141.225745395,1333.3970503328396,18.248908705,4517.872978268,1.77296451,0.4043737913,0.982338054,0.004656163229520684,17.897425245959827,0.030730677314836516,2673.553536997,3092.655960104,0.2160960817
26900,2023-01-01,275000.0,138.13229572,1338.3005622074788,33.0,3933.0,2.4,0.3445207221,0.9722352143,0.004866547498936287,17.123706971225094,0.0321192134929795,1626.0,2029.0,0.1494464945
26900,2023-02-01,288230.203762758,141.956956842,1343.4220970926362,21.006535595,4341.049833851,1.643662713,0.3924008401,0.9815081864,0.004660934487623669,17.879104191361417,0.03076216761831622,2765.302109138,2736.26458709,0.210135399
26900,2023-03-01,275000.0,142.375357616,1355.15747106962,24.0,3433.0,1.2,0.3320710749,0.982970422,0.004927845349344073,16.910703852430256,0.03252377930567089,2796.0,2912.0,0.2231759657
26900,2023-04-01,289900.0,145.383223565,1363.4353406323855,13.0,3480.0,1.3,0.3135057471,0.9894170193,0.004703122941125856,17.71872314981088,0.03104061141143065,2581.0,2779.0,0.2839984502
26900,2023-05-01,300000.0,146.412884334,1376.2115090383063,8.0,3597.0,1.2,0.4103419516,0.9941329357,0.004587371696794355,18.165812330308114,0.030276653198842735,3051.0,3168.0,0.343166175
26900,2023-06-01,300000.0,148.745982947,1380.9618337636314,8.0,4051.0,1.3,0.3964453221,0.9958054293,0.004603206112545438,18.103324356087207,0.030381160342799897,3146.0,3538.0,0.3388429752
26900,2023-07-01,300000.0,149.3999904,1387.6712709626488,10.0,4154.0,1.4,0.4159845932,0.9905776588,0.00462557090320883,18.01579417483877,0.030528767961178274,2865.0,3027.0,0.290052356
26900,2023-08-01,293203.604984113,147.455347301,1390.3210866765514,15.974099923,4082.890077999,1.721787692,0.3775293406,0.9855415225,0.004741828077972932,17.574094202284368,0.031296065314621355,2501.212281911,2759.753025044,0.2464678087
26900,2023-09-01,299900.0,147.835805731,1392.530463459319,14.0,4966.0,1.9,0.4609343536,0.985240004,0.004643315983525572,17.946944302089065,0.03064588549126877,2577.0,2940.0,0.230112534
26900,2023-10-01,293241.893044723,145.376818594,1393.079540475267,18.535375462,4319.130352845,1.860541409,0.3904502105,0.9836928367,0.004750615698224282,17.541585896851696,0.03135406360828026,2319.127070463,2743.622113241,0.233303452
26900,2023-11-01,289625.0,144.790866308,1393.4165852520307,20.0,5148.0,2.3,0.3869463869,0.9775777293,0.004811106034534418,17.321034443049374,0.031753299827927156,2281.0,2303.0,0.1692240246
26900,2023-12-01,279900.0,142.261353105,1392.9322263675997,28.0,4505.0,2.1,0.2703662597,0.9761183042,0.004976535285343336,16.745251174800842,0.03284513288326602,2129.0,1458.0,0.1474870831
26900,2024-01-01,295018.304159009,147.316170132,1397.3012950418051,22.021050763,4614.248433327,1.864768115,0.375272334,0.9827886692,0.004736320680254089,17.594529373982922,0.031259716489676986,2600.890405275,2775.57949537,0.1967595206
26900,2024-02-01,283000.0,145.184135977,1405.350661616701,39.0,4005.0,2.0,0.2918851436,0.9760137746,0.004965903397938873,16.781102380670823,0.03277496242639656,2010.0,2453.0,0.1646766169
26900,2024-03-01,300667.345458627,148.752147447,1415.1885087090127,21.391965354,4736.247554458,1.837933704,0.3907915421,0.9829696975,0.004706824768583817,17.70478771369399,0.0310650434726532,2705.947816308,2748.856267589,0.2082643412
26900,2024-04-01,298906.383190314,149.353213756,1423.2212954579493,20.703167139,4809.681518234,1.919072429,0.4162975658,0.9834993344,0.004761428244748399,17.50175137580736,0.03142542641533944,2624.389179693,2580.005909964,0.2105852986
26900,2024-05-01,315500.0,154.05987395,1433.6294260824395,13.0,4828.0,1.6,0.3788318144,0.9873879095,0.004543991841782693,18.339234803872387,0.029990346155765773,2953.0,3469.0,0.2539790044
26900,2024-06-01,303952.617033584,151.125161736,1441.3843740767816,22.780430711,5045.810484651,2.097133357,0.3709176479,0.9802962804,0.004742135100345333,17.57295639410712,0.031298091662279204,2448.203019467,2676.124537688,0.1922168729
26900,2024-07-01,303000.0,154.53088857,1452.688132398502,14.0,5486.0,1.8,0.4256288735,0.9868598835,0.00479435027194225,17.381569682344875,0.03164271179481886,2981.0,3277.0,0.2472324723
26900,2024-08-01,304837.481139121,151.983001612,1455.6143738734515,23.614602212,5211.42703964,2.20274135,0.3618071827,0.9801447925,0.004775050523426749,17.451822326170973,0.031515333454616545,2367.029043344,2793.987609027,0.1850759719
26900,2024-09-01,298460.076221658,152.475772981,1457.56132285543,22.613894496,5297.534781721,2.047936466,0.3587493745,0.9816261892,0.004883605677876125,17.063894759327685,0.03223179747398243,2555.84544247,2895.093640009,0.1890009759
26900,2024-10-01,302550.766682648,152.123269689,1450.9850921940506,24.725931959,5412.112567262,2.191134431,0.3567004512,0.9814316996,0.004795840077034146,17.376170179733872,0.03165254450842537,2554.260735587,3005.574521713,0.1864516427
26900,2024-11-01,304500.0,151.157211088,1450.2471877722348,25.0,5881.0,2.5,0.3570821289,0.9784200963,0.004762716544407996,17.497017207790105,0.03143392919309278,2324.0,2162.0,0.1725473322
26900,2024-12-01,305000.0,151.099656758,1452.7152178370154,32.0,5256.0,2.2,0.2667427702,0.9776731199,0.004763000714219722,17.49597330198701,0.03143580471385017,2376.0,1535.0,0.1494107744
26900,2025-01-01,309774.897864308,152.700098575,1463.7608847125368,23.472010566,5572.842043926,2.295621762,0.3630949644,0.9841496876,0.004725240472369437,17.635786754265744,0.03118658711763829,2563.187649784,2897.132225625,0.1935971158
26900,2025-02-01,297947.5,148.876404494,1470.4228359733083,49.0,4866.0,2.5,0.295108919,0.9769996663,0.004935174270545342,16.88559081503821,0.032572150185599266,1954.0,2323.0,0.1427840328
26900,2025-03-01,308536.7965921,153.532684189,1479.4359626246237,23.369558127,5769.80619064,2.286503332,0.3806156937,0.9820677745,0.0047950065566426,17.379190695347503,0.03164704327384116,2735.157767822,3061.294340827,0.1902235269
26900,2025-04-01,310000.0,156.132430399,1484.990434764281,21.0,5457.0,1.9,0.3562396921,0.9845204332,0.004790291725046068,17.396296116502576,0.031615925385304056,2807.0,3542.0,0.2226576416
26900,2025-05-01,316000.0,156.83127572,1496.0438333464174,16.0,6234.0,2.0,0.3623676612,0.9862640715,0.004734315928311447,17.601979799234734,0.031246485126855555,3075.0,3965.0,0.2367479675
26900,2025-06-01,325000.0,156.688699569,1502.0882348987675,15.0,6688.0,2.1,0.4186602871,0.9843389141,0.004621809953534669,18.03045433956055,0.030503945693328822,3132.0,3571.0,0.2305236271
26900,2025-07-01,325000.0,157.928613224,1506.5674429307603,18.0,6884.0,2.3,0.45656595,0.9838336849,0.004635592132094647,17.976847608393488,0.03059490807182467,2958.0,3457.0,0.2139959432
26900,2025-08-01,318000.0,156.832026542,1502.5880252714103,24.0,7125.0,2.4,0.4186666667,0.9780072052,0.00472511957632519,17.636237980276295,0.031185789203746254,3024.0,3372.0,0.1772486772
26900,2025-09-01,312000.0,156.535682307,1500.6619631477793,28.0,7339.0,2.7,0.4417495572,0.978632545,0.0048098139844480105,17.32568735564041,0.03174477229735687,2673.0,3282.0,0.1750841751
26900,2025-10-01,310000.0,156.045241449,1501.235929208554,28.0,7624.0,2.7,0.4472717733,0.9755438802,0.004842696545834045,17.208043606412065,0.031961797202504694,2839.0,3302.0,0.1493483621
26900,2025-11-01,310000.0,155.252096616,1504.987692829288,31.0,7154.0,3.1,0.3500139782,0.9743550936,0.004854799009126736,17.165145905457997,0.03204167346023646,2295.0,2233.0,0.1333333333
26900,2025-12-01,315322.113468457,153.662327485,1504.2477849468414,28.786013111,6495.473185392,2.525521513,0.3530976228,0.9806277973,0.004770511552141165,17.46842711153913,0.031485376244131696,2655.188627677,2689.679983831,0.1693599955
26900,2026-01-01,315588.52103732,153.493046939,1506.4805417838572,30.628453178,6410.621694206,2.721514863,0.3645526655,0.9788442596,0.00477355937038568,17.45727388462342,0.03150549184454549,2532.408773206,2790.062874856,0.1731465607
26900,2026-02-01,313425.599421065,154.364374786,1507.4146717604629,32.273708562,6399.002759585,2.705514428,0.376338075,0.9799393453,0.004809481658629162,17.32688452690465,0.03174257894695247,2643.511841417,2959.307823211,0.1625412145
26900,2026-03-01,315592.360654102,155.305966197,1515.8959021738017,40.013506446,6447.896444626,2.683460376,0.3869959681,0.9800609513,0.0048033352234253405,17.34905632380721,0.03170201247460725,2591.313982699,3165.880742226,0.1584603195
26900,2026-04-01,314568.560193785,157.912102526,1519.3477302521271,32.83240257,6385.096732657,2.619727885,0.4064506154,0.9790443633,0.004829941457964384,17.25348724380912,0.03187761362256494,2720.439038085,3256.661739018,0.153845416
26900,2026-05-01,314810.667734623,157.828265788,1528.3006568880155,32.625141885,5954.768706808,2.215501314,0.4253605974,0.9779635426,0.004854666037481081,17.16561606708834,0.03204079584737514,2890.13428572,2999.96455996,0.1634750862
34980,2013-02-01,165500.0,91.380324883,,113.0,12446.0,7.1,,0.9639530142,,,,1751.0,3132.0,0.1376356368
34980,2013-03-01,169435.212117888,93.367505079,,102.096662784,13387.935871552,5.470214858,,0.9681521123,,,,2561.436368068,3326.444426412,0.167427
34980,2013-04-01,179900.0,96.065856781,,86.0,13550.0,5.0,,0.9728871796,,,,2707.0,4130.0,0.1547838936
34980,2013-05-01,182971.112245073,96.692000304,,93.655185738,13259.461968045,5.246419653,,0.9713707256,,,,2537.443020083,3071.716810205,0.1597701773
34980,2013-06-01,184806.144156447,97.841014186,,93.548519444,13041.804403202,4.931367629,,0.9710926635,,,,2611.554009057,3257.078601464,0.148192022
34980,2013-07-01,187775.44510368,98.477173182,,92.942057665,12726.940511082,4.899147513,,0.9735190789,,,,2578.476808907,3257.972692352,0.1544809078
34980,2013-08-01,187450.0,99.786172488,,81.0,12898.0,4.2,,0.9751201892,,,,3042.0,3197.0,0.1732412886
34980,2013-09-01,189000.0,99.562492525,,85.0,12876.0,5.0,,0.976722537,,,,2554.0,3268.0,0.1785434612
34980,2013-10-01,192060.210423639,99.394421195,,88.369651961,12092.173965633,5.140874197,,0.9760671302,,,,2389.826257958,3081.50302826,0.171368223
34980,2013-11-01,190000.0,98.631323735,,92.0,11820.0,5.2,,0.9748910441,,,,2282.0,2240.0,0.1779141104
34980,2013-12-01,192000.0,101.160899101,,92.0,10490.0,4.5,,0.9731977002,,,,2349.0,1783.0,0.1668795232
34980,2014-01-01,193500.251766258,100.495353288,,85.075662191,11991.244348096,4.987077652,,0.9755078551,,,,2477.564971964,3284.922559608,0.1952363868
34980,2014-02-01,182000.0,98.601973684,,102.0,11406.0,6.3,,0.9711525695,,,,1819.0,2992.0,0.162726773
34980,2014-03-01,194489.359412887,101.705601747,,86.67776688,12592.879167584,5.027779457,,0.9746429831,,,,2579.243685878,3409.872367747,0.1685439491
34980,2014-04-01,193500.0,101.379310345,,73.0,12870.0,4.8,,0.9751280783,,,,2679.0,4102.0,0.1769316909
34980,2014-05-01,194414.421690015,101.563728615,,80.971150169,12684.519602901,4.834581982,,0.9726972179,,,,2626.273067159,3333.212730085,0.1642612634
34980,2014-06-01,215000.0,106.054603854,,70.0,13483.0,4.2,,0.9791578031,,,,3220.0,4175.0,0.1857142857
34980,2014-07-01,202668.717535308,104.424521833,,80.656881886,12473.011055929,4.594855544,,0.9763879364,,,,2677.048278696,3162.268352178,0.1761501725
34980,2014-08-01,208950.0,105.586211621,,73.0,12694.0,4.0,,0.9783697105,,,,3177.0,3300.0,0.1649354737
34980,2014-09-01,198000.0,104.249343832,,78.0,12470.0,4.1,,0.9784401565,,,,3054.0,3419.0,0.173870334
34980,2014-10-01,199000.0,104.924242424,,80.0,11902.0,4.1,,0.9772511522,,,,2877.0,3056.0,0.1664928745
34980,2014-11-01,208000.0,106.278026906,,79.0,11292.0,4.7,8.855827134e-05,0.9809010138,,,,2426.0,2418.0,0.1850783182
34980,2014-12-01,201500.0,107.135714286,,86.0,9753.0,3.5,0.04142315185,0.9790206009,,,,2799.0,1895.0,0.166130761
34980,2015-01-01,203000.0,105.487804878,1115.0225930014826,90.0,8832.0,4.7,0.1202445652,0.9758193022,0.00549272213301223,15.171590937121193,0.03625196607788072,1896.0,3034.0,0.1671940928
34980,2015-02-01,209190.698928121,106.741993891,1120.649830757651,66.866727187,9843.993691636,3.667516392,0.1186665134,0.9817124086,0.005357072931539427,15.555758601439532,0.035356681348160224,2781.252531283,3044.6574869,0.1888637504
34980,2015-03-01,214072.934027906,108.499562842,1135.00959911738,60.50530289,9950.839495382,3.594954265,0.1182518061,0.9807020798,0.005301976189897145,15.717409952184253,0.03499304285332116,2835.353559941,3464.855951806,0.2035558481
34980,2015-04-01,214856.609637845,108.590079025,1140.303608709684,62.734364832,10380.985010238,3.756824435,0.1088396245,0.9806935239,0.005307277307557544,15.701710783920594,0.03502803022987979,2820.827322368,3616.360709932,0.2004981158
34980,2015-05-01,218825.677728417,109.749338107,1153.7822877078474,58.882671998,10215.628040749,3.372314455,0.1107006942,0.9822956588,0.005272609227970944,15.80495153922159,0.034799220904608234,3138.300229434,3718.703981449,0.2190488688
34980,2015-06-01,216721.020404352,110.266512989,1163.230922750241,58.905771536,10152.026756841,3.344337195,0.1151712248,0.9837086075,0.005367411617848225,15.525795162835184,0.035424916677798284,3014.069955648,3568.199779816,0.2214440808
34980,2015-07-01,215812.315561272,110.172213929,1174.240799234577,58.305872316,9948.125082169,3.195120817,0.1153776529,0.9854951689,0.0054410277568297276,15.315733912353425,0.0359107831950762,3114.213075789,3595.235309197,0.2278137616
34980,2015-08-01,221890.543128111,111.543130396,1177.9245570518578,57.687330549,9853.039039506,3.015769445,0.1190893435,0.9854677005,0.005308583865026505,15.697846252809883,0.03503665350917494,3313.458178974,3682.117058735,0.2318711181
34980,2015-09-01,226162.874445752,112.847394459,1176.4126635642467,54.92066353,9701.289524166,3.16985939,0.1243136103,0.9848515248,0.005201617048983979,16.020659065936172,0.03433067252329426,3116.954123811,3558.537013487,0.2192803264
34980,2015-10-01,220000.0,113.783112583,1177.402545014984,53.0,10134.0,3.4,0.1492007105,0.9862989652,0.00535182975006811,15.570998560309732,0.035322076350449524,2951.0,3299.0,0.2324635717
34980,2015-11-01,225000.0,113.138686131,1170.8780365740006,58.0,9729.0,4.2,0.115736458,0.9846994278,0.005203902384773336,16.01362346403103,0.03434575573950402,2321.0,2658.0,0.215424386
34980,2015-12-01,231348.079239284,115.939590227,1173.529861790243,54.876907021,9763.502683893,3.191511075,0.1550100204,0.9873501146,0.005072572314622321,16.42821987832773,0.033478977276507324,3108.354613357,3697.228668735,0.2711684467
34980,2016-01-01,232150.0,115.585712934,1181.3421329623795,68.0,8664.0,4.1,0.09579870729,0.985206549,0.005088701843473528,16.376147767472723,0.033585432166925284,2125.0,2891.0,0.2174117647
34980,2016-02-01,225000.0,115.087050266,1193.6203159676988,67.0,8973.0,4.0,0.09595453026,0.9843085186,0.005304979182078662,15.70851279018227,0.035012862601719166,2269.0,3354.0,0.2141912737
34980,2016-03-01,237514.244391428,117.774752985,1202.928579192768,54.930269398,10083.773112832,3.3559948,0.1060677285,0.9863445331,0.005064658678787782,16.45388931782448,0.033426747279999364,3052.643395012,3595.531502865,0.2500737665
34980,2016-04-01,240000.0,120.502488809,1205.3320821848963,51.0,9706.0,3.0,0.1096229137,0.9899601982,0.005022217009103735,16.59293757762272,0.03314663226008465,3183.0,4288.0,0.2708136978
34980,2016-05-01,243302.404572778,120.657283264,1216.361399338827,56.233677404,9511.739224952,3.05840878,0.1019506126,0.9871136497,0.004999380920524285,16.668730520456954,0.032995914075460285,3218.529498838,3698.59646454,0.2564230434
34980,2016-06-01,249900.0,123.389121339,1227.3096485147985,48.0,10180.0,2.7,0.1382121807,0.992264844,0.00491120307528931,16.968008053388086,0.03241394029690945,3820.0,4595.0,0.2892670157
34980,2016-07-01,247307.033635798,122.471243176,1234.0481752551214,54.905659399,9269.241166851,3.040717314,0.1186054547,0.9883082807,0.0049899437032287115,16.70025521117864,0.032933628441309495,3203.74361848,3722.254585069,0.2709236965
34980,2016-08-01,244000.0,122.368421053,1239.4780822137495,49.0,10088.0,2.7,0.158406027,0.9904200282,0.005079828205794055,16.404754247059632,0.03352686615824077,3721.0,4188.0,0.2854071486
34980,2016-09-01,246900.0,123.120300752,1237.2389084429276,50.0,10336.0,3.0,0.1492840557,0.9890111194,0.005011093189319269,16.6297712265562,0.03307321504950718,3442.0,3708.0,0.2582800697
34980,2016-10-01,252840.282534033,125.205571816,1235.235880809539,54.933022975,9697.081723988,2.95320374,0.1303092152,0.9909404259,0.004885439410325263,17.05748988662315,0.032243900108146734,3400.903505897,3873.651070169,0.2659163412
34980,2016-11-01,246000.0,125.03164557,1224.9173565759515,55.0,9809.0,3.3,0.1214191049,0.9875524189,0.004979338847869721,16.735822943438624,0.032863636395940164,2943.0,2998.0,0.2439687394
34980,2016-12-01,254234.702455563,126.950263215,1224.433417505884,51.32725277,9741.41630619,2.987173064,0.1507357198,0.9913115454,0.004816153757451344,17.302880582747928,0.031786614799178874,3276.093912244,3789.076289107,0.265405769
34980,2017-01-01,247000.0,126.143665651,1232.2953235559578,64.0,8785.0,3.8,0.1038133182,0.9847494493,0.0049890498929391,16.703247135546448,0.032927729293398066,2338.0,3334.0,0.2343883661
34980,2017-02-01,256185.150476552,129.805890618,1245.4733379406578,49.196424555,10155.792567574,3.191680803,0.134671534,0.9901162015,0.00486161409286934,17.14108354580438,0.03208665301293765,3293.248206317,3808.066008491,0.2890362144
34980,2017-03-01,261500.0,130.922975921,1261.489447302926,53.0,9554.0,2.9,0.1186937408,0.9906810238,0.004824051423720558,17.274553277680933,0.03183873939655568,3291.0,4301.0,0.2628380431
34980,2017-04-01,263000.0,132.203389831,1271.0036702883467,50.0,10023.0,3.1,0.1161328943,0.9911008528,0.004832713575240862,17.243590383727636,0.031895909596589694,3204.0,4216.0,0.2699750312
34980,2017-05-01,268000.0,134.155072217,1280.8580683380585,47.0,10340.0,2.7,0.1407156673,0.9945572954,0.004779321150515143,17.436228014171256,0.031543519593399946,3799.0,4652.0,0.3063964201
34980,2017-06-01,280000.0,134.046231955,1282.0408063961877,48.0,10516.0,2.8,0.1562381134,0.9930392509,0.004578717165700671,18.200148713614862,0.030219533293624427,3823.0,4429.0,0.3042113523
34980,2017-07-01,266465.50340031,134.99244473,1286.6954456467788,54.980053222,9565.325472108,2.849842647,0.139026798,0.9898335368,0.00482875054829811,17.25774245321165,0.03186975361876753,3380.394170569,3752.313527176,0.2740367699
34980,2017-08-01,274880.0,136.111111111,1290.253704013926,47.0,10424.0,2.7,0.1770913277,0.9910898543,0.004693879889456948,17.75361434375656,0.030979607270415863,3819.0,4230.0,0.2848913328
34980,2017-09-01,275129.175416298,136.547160135,1290.2577918463248,52.771828104,9769.302888325,3.072762391,0.1382384868,0.9913870855,0.004689643655181373,17.769651483276803,0.030951648124197064,3284.888263991,3907.744151183,0.2874902841
34980,2017-10-01,269601.442824096,136.82533237,1283.2146776014513,52.994118297,9885.034601334,3.040988302,0.1468895287,0.9908976774,0.004759672886612468,17.508205987794877,0.031413841051642286,3278.614787561,3879.706405257,0.2684138568
34980,2017-11-01,271900.0,138.1264637,1273.420048415693,52.0,10015.0,3.2,0.1533699451,0.9875031932,0.004683413197556796,17.793290879567483,0.03091052710387486,3082.0,3113.0,0.2297209604
34980,2017-12-01,280793.464424884,139.993940167,1271.1193568585868,52.194761149,9985.329665223,3.117279948,0.1661321348,0.989645102,0.004526883698885478,18.40854302350424,0.029877432412644154,3330.464704862,4120.834499119,0.2423963429
34980,2018-01-01,269900.0,139.648292774,1280.399548438009,62.0,8882.0,4.0,0.1194550777,0.9835879835,0.004743977578503183,17.56613136431109,0.03131025201812101,2221.0,3176.0,0.2071139127
34980,2018-02-01,276700.0,139.98,1290.0704137667635,66.0,9399.0,4.0,0.1184168529,0.9863263638,0.004662343381882051,17.87370137883197,0.03077146632042154,2347.0,3532.0,0.2211333617
34980,2018-03-01,280000.0,143.032923179,1297.394288782945,54.0,9744.0,2.9,0.1346469622,0.9895167263,0.004633551031367661,17.98476649316977,0.030581436807026564,3318.0,4287.0,0.2411091019
34980,2018-04-01,281950.0,143.431635389,1301.9371949703095,49.0,10500.0,3.1,0.142,0.9902722489,0.004617617290194395,18.04682547215279,0.030476274115283003,3349.0,4692.0,0.2600776351
34980,2018-05-01,290000.0,146.169354839,1310.272739441063,49.0,11322.0,3.1,0.1615438968,0.9909743795,0.004518181860141597,18.4439971459497,0.02982000027693454,3659.0,5047.0,0.2571740913
34980,2018-06-01,297350.0,146.606105072,1320.0223683551471,50.0,11409.0,2.9,0.1795074064,0.9898086839,0.004439288274273237,18.771777858236963,0.029299302610203366,3962.0,4400.0,0.2526501767
34980,2018-07-01,287342.956726104,145.427420208,1323.0692852133077,55.234783225,10940.380811613,3.460143993,0.1615560676,0.9868094009,0.0046044952703485275,18.098255821864615,0.030389668784300283,3225.562863994,4099.640141927,0.2292852105
34980,2018-08-01,286982.117173457,146.230103181,1324.5703900713086,55.430617022,11248.0968417,3.535437952,0.1695377969,0.9878609318,0.00461551543042912,18.055043816760797,0.030462401840832192,3231.728098505,4068.418866263,0.226372325
34980,2018-09-01,281728.472850381,146.891227703,1317.7723261743258,55.866437779,11383.294861289,3.613680024,0.1773728848,0.9854135245,0.004677455256267839,17.815955208051598,0.03087120469136774,3183.049497579,3877.651001107,0.20352573
34980,2018-10-01,284000.0,147.243858598,1322.5674099643977,56.0,12137.0,3.8,0.224932026,0.9833654845,0.00465692749987464,17.89448801502205,0.030735721499172624,3157.0,3893.0,0.1815014254
34980,2018-11-01,285676.752988202,147.419592271,1317.1850640375671,57.872939996,11581.190090856,3.742085465,0.1893639416,0.9842839633,0.004610753413638684,18.07369118609379,0.03043097253001531,3160.159686543,3941.544425567,0.202982555
34980,2018-12-01,290587.524219565,148.915374774,1320.296451183616,59.409073677,11598.232867306,3.916008542,0.1820071461,0.9849623769,0.004543541415721665,18.341052872321455,0.029987373343762988,3083.128222177,3791.073952669,0.189441327
34980,2019-01-01,292197.527199604,147.982495079,1316.137950708541,60.01658128,11998.642881863,3.878671203,0.1876651664,0.9861239525,0.004504274773720004,18.500943552453343,0.029728213506552022,3200.723066011,4019.513714196,0.1778752674
34980,2019-02-01,279900.0,148.361874382,1322.9728465103176,78.0,10951.0,4.4,0.1397132682,0.9840560758,0.004726591091498098,17.630747344154273,0.03119550120388745,2477.0,3358.0,0.1622930965
34980,2019-03-01,292525.877058949,150.484860241,1337.136937920907,62.649500005,11799.713246795,3.726987859,0.1635052669,0.9832668899,0.004571003944555138,18.23086007891064,0.03016862603406391,3302.957450916,3932.722310059,0.1906301874
34980,2019-04-01,289900.0,152.010873,1349.2929380426724,57.0,11938.0,3.4,0.1515329201,0.9851402207,0.004654339213669101,17.904439171213767,0.030718638810216067,3487.0,4820.0,0.1841124176
34980,2019-05-01,293318.521987389,150.977261965,1365.2921619571114,65.164006938,11832.091941426,3.4088203,0.1565878213,0.9822887868,0.0046546401253713225,17.903281690694712,0.03072062482745073,3554.375494067,3997.629807022,0.1777773857
34980,2019-06-01,293935.371810688,151.819963946,1370.5108642189243,61.778756769,11590.547033529,3.164322872,0.1501934136,0.9840235032,0.004662626535133769,17.872615939835836,0.03077333513188288,3630.461144167,3967.976927176,0.1861225453
34980,2019-07-01,292817.646065359,151.471643871,1377.1796868740162,63.422492077,11316.424852194,3.348230576,0.157306251,0.9838100949,0.0047031990912413104,17.718436263632476,0.03104111400219265,3447.469875633,3912.395297642,0.1784161924
34980,2019-08-01,300832.833235634,152.691267563,1377.104150519397,62.001584393,11187.099481012,3.245937713,0.14978284,0.986281303,0.004577639135023369,18.204434835361464,0.030212418291154237,3468.036829309,3993.995662096,0.1903437187
34980,2019-09-01,300000.0,153.390845868,1374.4655587069642,59.0,11861.0,3.3,0.1817721946,0.9858542383,0.004581551862356547,18.188887922021767,0.03023824229155321,3606.0,4147.0,0.1877426511
34980,2019-10-01,299900.0,154.350890782,1366.8202664870537,56.0,11731.0,3.2,0.1948682977,0.9842156064,0.004557586750540359,18.284530365429273,0.030080072553566373,3653.0,4226.0,0.1757459622
34980,2019-11-01,310453.065704023,155.97266911,1367.0088152770495,59.804437022,11207.152397057,3.250234777,0.1594344597,0.9873991606,0.0044032704659464255,18.925326976348234,0.029061585075246407,3504.096662631,4305.843917757,0.198497014
34980,2019-12-01,312922.75343233,157.342664336,1370.7598514422705,57.431292706,11010.133881943,3.259407737,0.1599522566,0.988609073,0.004380505528623055,19.023679524844226,0.028911336488912164,3526.593242917,4088.525580057,0.2013670625
34980,2020-01-01,294000.0,155.030262192,1380.55792188534,74.0,9962.0,3.8,0.1291909255,0.9838773783,0.004695775244507959,17.74644845508685,0.03099211661375253,2603.0,3586.0,0.1671148675
34980,2020-02-01,309371.712009723,158.918784283,1385.4233049967895,56.852785885,11095.654120465,2.939431585,0.1458646521,0.988146632,0.004478183528794152,18.60873561735703,0.029556011290041404,3743.41349513,4027.864076363,0.2016467688
34980,2020-03-01,317550.144302153,158.495844148,1392.91095680301,58.729564826,11183.707254296,3.332691036,0.1348004102,0.988115548,0.0043864283540606345,18.997992582322567,0.02895042713680019,3467.608083924,3926.443026732,0.2055614879
34980,2020-04-01,312845.391048999,156.312503251,1397.0231701452708,61.725307074,11085.303488783,3.878409258,0.121377595,0.9880119855,0.004465538601866326,18.661429395886316,0.029472554772317756,2954.093824292,3215.336779133,0.2139774908
34980,2020-05-01,314500.0,159.356725146,1401.092494353624,54.0,11687.0,3.6,0.1267219988,0.9894706538,0.004454984083795307,18.705641090043958,0.029402894953049027,3248.0,4477.0,0.2115147783
34980,2020-06-01,319900.0,160.9375,1403.525584626676,51.0,10176.0,2.4,0.1747248428,0.9909452365,0.004387388510868008,18.99383497196753,0.028956764171728863,4194.0,4833.0,0.2391511683
34980,2020-07-01,319589.148349297,159.342290623,1406.531827494103,54.72037458,8974.450952039,2.339151767,0.1468592148,0.9880472264,0.004401062535317454,18.934821458364574,0.0290470127330952,3936.687292059,4066.631181074,0.2235823511
34980,2020-08-01,325367.68789086,161.933266375,1411.548877706497,50.786108644,8726.080397586,2.310856094,0.1464185674,0.9916257951,0.0043383191700952835,19.208668165256974,0.028632906522628874,3927.580982241,4196.953866142,0.2470203966
34980,2020-09-01,329000.0,164.689104392,1407.2374910516053,44.0,8863.0,2.0,0.171273835,0.9931775249,0.004277317601980563,19.48261529486302,0.02823029617307172,4324.0,4180.0,0.2624884366
34980,2020-10-01,335747.727299742,168.100038237,1407.2859025339217,42.691256148,7773.87950878,1.951713761,0.1687335605,0.996039553,0.004191497925695722,19.88151606194612,0.027663886309591768,4121.223937011,4279.249859421,0.2768782454
34980,2020-11-01,335906.48179542,168.835134586,1399.3248059805592,40.040231135,7530.097283988,1.859592185,0.1892455078,0.9966367083,0.004165816624023356,20.004081037261262,0.027494389718554144,4136.183347053,4156.495210394,0.2999603379
34980,2020-12-01,329000.0,169.040251729,1402.2134932419808,43.0,6410.0,1.5,0.1461778471,0.9928722892,0.004262047091920914,19.552419655638957,0.028129510806678033,4273.0,2677.0,0.2618769015
34980,2021-01-01,337690.353797859,172.239044662,1404.7420466821231,37.758178116,7420.466108403,1.774795588,0.1914629704,0.9995794568,0.004159852453241824,20.032761803460275,0.027455026191396042,4052.555979877,4371.070192347,0.3483085251
34980,2021-02-01,334900.0,174.970344009,1416.7493080247116,39.0,5957.0,2.1,0.1101225449,0.9958427626,0.004230365207598422,19.698850866032355,0.027920410370149588,2870.0,3249.0,0.3118466899
34980,2021-03-01,347931.143826136,178.020597033,1430.1348574588735,36.61901656,6181.713103123,1.683091406,0.1304357817,1.00014404,0.004110396217285807,20.27379574331166,0.02712861503408633,3617.787655004,3399.032086074,0.3567328686
34980,2021-04-01,355273.97978582,182.650904053,1451.2524646350216,35.647831206,5394.383224407,1.486223498,0.1161516058,1.005730167,0.004084882505355224,20.40042356765084,0.026960224535344485,3789.086905297,3223.466814713,0.3967421549
34980,2021-05-01,375540.0,189.873417722,1480.1220486129962,29.0,5155.0,1.3,0.1154219205,1.017293594,0.003941316633682154,21.143526663443836,0.026012689782302218,3844.0,3759.0,0.4864724246
34980,2021-06-01,390000.0,195.082509186,1513.802024352691,25.0,5253.0,1.2,0.1387778412,1.022616872,0.0038815436521863872,21.469121772311777,0.02561818810443016,4465.0,4124.0,0.5126539754
34980,2021-07-01,385000.0,197.05949865,1550.1548073005702,24.0,5512.0,1.3,0.1812409289,1.021593519,0.004026376122858623,20.696857618500086,0.026574082410866916,4165.0,4167.0,0.5162064826
34980,2021-08-01,395000.0,200.505520883,1584.2957854467163,26.0,5413.0,1.3,0.1985959727,1.016311873,0.004010875406194219,20.77684417836491,0.026471777680881842,4188.0,3996.0,0.4782712512
34980,2021-09-01,392978.923657974,201.186569507,1610.6632759188692,29.12873444,4988.217773231,1.382846027,0.1651946423,1.01219922,0.00409859964225638,20.332147710688886,0.02705075763889211,3722.412721679,3743.829740887,0.4503698583
34980,2021-10-01,400000.0,204.97921862,1627.5381678121526,29.0,5442.0,1.4,0.1613377435,1.010027212,0.0040688454195303815,20.480830491454626,0.02685437976890052,3884.0,3593.0,0.4340885685
34980,2021-11-01,395000.0,211.178297406,1632.7282954633715,30.0,4745.0,1.2,0.1496311907,1.008836156,0.004133489355603473,20.1605293165602,0.027281029746982915,3918.0,2925.0,0.4272588055
34980,2021-12-01,410235.472275562,211.798934228,1644.8890647208957,28.571754023,5016.928075049,1.057919986,0.1682496269,1.011930384,0.004009621731628308,20.783340402410392,0.02646350342874684,3971.025406704,3920.107168339,0.4652482169
34980,2022-01-01,397297.5,212.245120132,1653.5915429237232,34.0,3564.0,1.4,0.0968013468,1.007107538,0.004162099038941154,20.021948673891597,0.02746985365701162,2555.0,2592.0,0.4066536204
34980,2022-02-01,430926.467421134,221.890070109,1671.392251543722,21.20965513,4505.627179888,1.128510805,0.1375552183,1.017090767,0.0038786019841067477,21.485404708914785,0.025598773095104534,3721.838599161,3169.150278886,0.4783692889
34980,2022-03-01,428200.0,227.607615894,1685.455232481587,21.0,3995.0,1.1,0.1076345432,1.024029563,0.003936140197294692,21.171332614272306,0.025978525302144968,3613.0,3838.0,0.4968170495
34980,2022-04-01,449915.377051555,234.952837857,1705.1086963992796,20.299869276,4457.418595989,1.373335517,0.1426541923,1.028620929,0.003789843120218347,21.988597071145303,0.025012964593441097,3559.20631718,3446.805008985,0.4995481302
34980,2022-05-01,465000.0,241.465445462,1727.8440525030348,19.0,5438.0,1.4,0.2009930121,1.029326447,0.003715793661296849,22.426792478097173,0.024524238164559207,3855.0,4608.0,0.5377431907
34980,2022-06-01,444619.123998372,237.43254314,1752.0194648677966,26.765153469,6397.86427034,1.865958121,0.22407222,1.012051268,0.003940495067131237,21.147934945646757,0.026007267443066164,3474.949099622,4223.248539263,0.4173807972
34980,2022-07-01,455345.0,238.830760985,1770.5102323020706,28.0,8504.0,2.6,0.3132643462,1.002532178,0.0038882830212302114,21.431910403211226,0.025662667940119396,3303.0,4619.0,0.3790493491
34980,2022-08-01,440000.0,235.377665568,1773.4598761636444,34.0,8812.0,2.5,0.3266000908,0.990318957,0.004030590627644646,20.67521637195658,0.02660189814245467,3468.0,4043.0,0.258650519
34980,2022-09-01,449188.303968483,234.913801289,1764.3595576351097,40.479464723,8555.215376427,2.756271088,0.2900205515,0.9838707517,0.003927884012222421,21.21583353124086,0.025924034480667983,3179.414722501,3616.547352559,0.1835868856
34980,2022-10-01,442100.0,233.287774004,1750.981643283143,44.0,9452.0,3.4,0.3369657215,0.9820459308,0.003960600866960287,21.04057847093556,0.0261399657219379,2750.0,3294.0,0.1821818182
34980,2022-11-01,436098.010593877,233.169869004,1744.331852160985,49.153723853,9053.002109959,3.403568434,0.3115220688,0.981219173,0.00399986198007544,20.834052211911978,0.0263990890684979,2659.191069161,3201.628184128,0.1601002815
34980,2022-12-01,447606.001669401,231.667476693,1739.2167449142803,50.371648085,9246.875069278,3.694834085,0.2705148261,0.9831059041,0.0038855974639027627,21.446723215026978,0.02564494326175824,2564.820717091,3002.351618256,0.1500119945
34980,2023-01-01,418900.0,226.114649682,1743.4456519291446,73.0,7955.0,4.6,0.2465116279,0.9741438671,0.00416196145125124,20.022610567015278,0.027468945578258193,1732.0,2749.0,0.1102771363
34980,2023-02-01,429450.0,227.957823934,1747.5471414359715,77.0,7880.0,3.7,0.2166243655,0.9788357404,0.00406926799728949,20.47870363633977,0.026857168782110637,2130.0,2720.0,0.1450704225
34980,2023-03-01,435761.954674118,230.975819977,1761.3444548244488,54.406548358,8527.635137493,2.957404007,0.2484351184,0.9826024581,0.0040419876860100365,20.616919151377743,0.026677118727666246,2970.303561776,3088.304978182,0.1710710232
34980,2023-04-01,431574.248302288,231.457132703,1767.134359019303,58.572680817,8255.348268791,3.152539188,0.2276592683,0.9807049014,0.004094624194957868,20.351888077042634,0.02702451968672193,2732.598827726,3116.607987543,0.1679859991
34980,2023-05-01,434604.808297871,231.00213385,1777.3865177251712,54.094624936,8140.521026168,2.969286329,0.2164568641,0.9806087492,0.004089661420650872,20.376584944792512,0.026991765376295763,2864.014561081,3102.790388536,0.186424682
34980,2023-06-01,445975.0,234.720776187,1780.0117911728787,43.0,8791.0,2.5,0.2548060516,0.9875862905,0.003991281554286403,20.878841093993532,0.026342458258290263,3459.0,3831.0,0.2179820757
34980,2023-07-01,443590.041801806,232.949976829,1783.5528989234838,51.293512413,8043.59051215,3.087382724,0.2198882987,0.9837883076,0.004020723485312971,20.72595482821339,0.026536775003065612,2718.684070383,3052.940035287,0.1862460086
34980,2023-08-01,455000.0,236.405023795,1778.4439921776902,46.0,8900.0,2.8,0.2785393258,0.9846942944,0.003908668114676242,21.320135373078585,0.025797209556863203,3223.0,3451.0,0.1892646603
34980,2023-09-01,445282.998786437,235.395026449,1771.7442694945269,53.153900587,8211.284681227,3.232889553,0.238829194,0.9824723429,0.003978917394832486,20.94372038021204,0.026260854805894414,2625.870771181,3208.726513323,0.1621833245
34980,2023-10-01,445000.0,235.829335161,1760.484436143858,55.0,8965.0,3.4,0.2770775237,0.9814444276,0.003956144800323276,21.06427786124607,0.026110555682133624,2607.0,3047.0,0.1706942846
34980,2023-11-01,440269.0,231.25,1748.8563213756868,54.0,8907.0,3.8,0.2388009431,0.9820512722,0.003972244971541686,20.978900830728588,0.026216816812175133,2319.0,2686.0,0.162138853
34980,2023-12-01,449000.0,235.965308444,1739.9569197025417,61.0,7935.0,3.3,0.1519848771,0.9809627621,0.0038751824492261507,21.504363839688235,0.0255762041648926,2392.0,1713.0,0.1546822742
34980,2024-01-01,455294.502486896,234.663277212,1742.5926433645527,55.373217251,9136.378046006,3.424490656,0.2194229808,0.9852382612,0.003827396627559119,21.772850175310488,0.025260817741890186,2686.127758205,3067.030263075,0.1656310853
34980,2024-02-01,460210.428938926,237.873384152,1748.8648958929666,56.264713266,9281.554826416,3.179879826,0.2291320969,0.9858134744,0.0038001418175707103,21.929006161829307,0.025080935995966693,2784.714876936,3309.164283905,0.1596650756
34980,2024-03-01,459900.0,237.928296939,1761.3880007037833,60.0,8604.0,3.1,0.2064156206,0.9841563224,0.0038299369443439515,21.758408700801183,0.02527758383267008,2752.0,3636.0,0.1620639535
34980,2024-04-01,468990.0,243.124269305,1770.503026631528,49.0,9403.0,3.2,0.2312028076,0.9859464367,0.003775140251671737,22.074235068864265,0.024915925661033466,2943.0,4213.0,0.1858647638
34980,2024-05-01,465000.0,242.89267946,1782.6740606659948,46.0,9969.0,2.9,0.256194202,0.984595391,0.0038337076573462256,21.73700782156625,0.025302470538485087,3424.0,4174.0,0.1866238318
34980,2024-06-01,475000.0,243.243243243,1790.6827631584704,45.0,10491.0,3.5,0.2708035459,0.9857940156,0.0037698584487546745,22.10516242615461,0.024881065761780854,2961.0,3961.0,0.1810199257
34980,2024-07-01,462500.0,240.917516219,1794.4874368511946,50.0,10750.0,3.5,0.288,0.9840272782,0.003879972836435015,21.47781359466975,0.025607820720471103,3107.0,3810.0,0.1683295784
34980,2024-08-01,455000.0,237.544352405,1792.439947205842,55.0,10858.0,3.5,0.2724258611,0.9831188533,0.003939428455397455,21.15366081065831,0.0260002278056232,3062.0,3618.0,0.1485956891
34980,2024-09-01,450000.0,238.106533634,1782.9364111826792,58.0,11099.0,4.1,0.2512838995,0.9818179483,0.003962080913739287,21.032718702023164,0.0261497340306793,2710.0,3452.0,0.1667896679
34980,2024-10-01,460234.5,236.559139785,1773.130251956938,61.0,11141.0,4.0,0.2513239386,0.9811447017,0.0038526669599018284,21.63003815296217,0.02542760193535207,2810.0,3489.0,0.1441281139
34980,2024-11-01,467882.851846891,240.595379148,1763.7130083860438,59.242383765,10412.086321482,3.798214173,0.2344554165,0.9821122338,0.003769561122883806,22.106905981028717,0.02487910341103312,2792.480145811,3410.576220389,0.1478186717
34980,2024-12-01,463662.001537611,239.659267549,1760.4271323066353,64.069516073,10507.955466619,3.718169072,0.237673078,0.983188786,0.0037967897444014164,21.948366631629547,0.025058812313049354,2860.868526698,3465.200887807,0.1563950034
34980,2025-01-01,459995.0,237.905224787,1758.6441951246416,78.0,9799.0,5.3,0.2014491275,0.9777431591,0.003823181110935209,21.796857359171433,0.025232995332172384,1841.0,3189.0,0.1254752852
34980,2025-02-01,470325.895768704,242.276234175,1766.4929342691592,64.6586742,11163.548737756,4.182513004,0.2457863307,0.9825133152,0.0037558912876400107,22.18736564808703,0.02478888249842407,2779.931541727,3633.721634216,0.1542145901
34980,2025-03-01,464990.0,240.0,1775.7150570460717,68.0,11089.0,4.0,0.2320317432,0.9803040148,0.003818824183414851,21.82172557072669,0.02520423961053802,2740.0,4251.0,0.1419708029
34980,2025-04-01,469900.0,241.350870063,1785.9023367492991,57.0,12090.0,4.2,0.2453267163,0.9827148097,0.003800600844327089,21.926357633088358,0.025083965572558792,2868.0,4543.0,0.1569037657
34980,2025-05-01,480000.0,245.833333333,1791.716185036353,55.0,12980.0,4.2,0.2707241911,0.9821624568,0.0037327420521590686,22.32496437441537,0.024636097544249856,3075.0,4572.0,0.1489430894
34980,2025-06-01,485000.0,247.486871718,1797.0592272034914,57.0,13416.0,4.3,0.2845855695,0.9828413362,0.003705276757120601,22.490447757563004,0.024454826596995966,3121.0,4279.0,0.1678949055
34980,2025-07-01,480000.0,243.99023795,1800.643295451555,61.0,13448.0,4.2,0.2804134444,0.9803748056,0.0037513401988574064,22.214283140386794,0.024758845312458887,3189.0,3998.0,0.1338977736
34980,2025-08-01,475345.5,242.17585693,1798.9783728519335,62.0,13236.0,4.4,0.2576307041,0.9788995141,0.0037845701134268305,22.019233581559188,0.024978162748617083,2993.0,3664.0,0.1262946876
34980,2025-09-01,455000.0,237.423043096,1793.7027799589468,68.0,13221.0,4.7,0.2644278043,0.9793651941,0.003942203911997686,21.13876785513734,0.026018545819184728,2814.0,3518.0,0.1350390903
34980,2025-10-01,484200.72530593,247.920273131,1786.548674452355,71.364734865,12585.879056317,4.639682376,0.2342846478,0.9798368923,0.0036896860766236343,22.585480608038658,0.02435192810571599,2709.784334623,3587.674428027,0.1356062252
34980,2025-11-01,475032.85678501,238.34040122,1776.2692802388185,74.77561018,12530.115124712,4.74046711,0.2287628871,0.9796119487,0.0037392556217279113,22.286075562500585,0.024679087103404218,2704.722743055,3546.181650851,0.1369324168
34980,2025-12-01,466343.165839879,239.785299782,1768.816791956733,75.362805936,12402.977156979,4.569335127,0.2261519422,0.9790458331,0.003792951031610194,21.970579804178605,0.02503347680862728,2857.652226481,3571.054693784,0.1342613892
34980,2026-01-01,474371.914054402,244.398008022,1767.355494394906,72.415554031,12274.414817796,5.033314828,0.2336676921,0.9777494731,0.0037256748176541957,22.367312610981617,0.024589453796517696,2598.444159566,3397.126269141,0.133367879
34980,2026-02-01,470429.834490436,242.211823012,1770.1557047499298,74.635975091,12559.517734793,4.877967706,0.2356745532,0.9787750591,0.0037628474534727187,22.146349104964457,0.024834793192919945,2740.978234036,3693.285592526,0.1312518248
34980,2026-03-01,464900.0,236.595342983,1774.1978662756396,90.0,12593.0,4.6,0.2165488764,0.9787515199,0.0038162999919889,21.836158978137195,0.025187579947126743,2719.0,4468.0,0.1250459728
34980,2026-04-01,474950.0,241.184901229,1782.5661835878004,68.0,13556.0,4.5,0.2440247861,0.9800398246,0.003753165982919887,22.20347666811732,0.02477089548727126,2994.0,4694.0,0.1442885772
34980,2026-05-01,476227.984460148,242.726622862,1793.4900453298424,74.765714463,13176.408367936,4.813713496,0.2228627912,0.9779276024,0.0037660324547347684,22.127619539912402,0.024855814201249472,2784.266392121,3751.662813098,0.1290478589
39580,2012-01-01,185000.0,96.928051738,,153.0,7963.0,10.6,,0.9638301874,,,,750.0,1534.0,0.1666666667
39580,2012-02-01,188000.0,95.646437995,,154.0,8169.0,8.2,,0.9630439298,,,,991.0,1644.0,0.1342078708
39580,2012-03-01,195750.0,99.360853117,,157.0,8745.0,7.1,,0.9683314843,,,,1224.0,2219.0,0.1511437908
39580,2012-04-01,205000.0,100.676704482,,134.0,9199.0,7.2,,0.9673708001,,,,1274.0,2075.0,0.1412872841
39580,2012-05-01,208425.0,102.437803724,,115.0,9294.0,6.2,,0.9743120966,,,,1490.0,1975.0,0.1691275168
39580,2012-06-01,206000.0,102.402137133,,114.0,9208.0,5.5,,0.9716716309,,,,1671.0,1958.0,0.1699581089
39580,2012-07-01,204825.0,100.677255226,,115.0,9132.0,6.2,,0.971600937,,,,1472.0,1774.0,0.1616847826
39580,2012-08-01,204000.0,100.40254232,,120.0,8879.0,5.4,,0.9679761908,,,,1632.0,1831.0,0.1354166667
39580,2012-09-01,195000.0,98.905477742,,122.0,8667.0,6.4,,0.9697846197,,,,1351.0,1618.0,0.1539600296
39580,2012-10-01,199840.0,98.580627434,,125.0,8526.0,6.2,,0.9713557953,,,,1365.0,1677.0,0.1743589744
39580,2012-11-01,215000.0,100.679234603,,124.0,8116.0,6.7,,0.9703082046,,,,1219.0,1198.0,0.1575061526
39580,2012-12-01,207000.0,100.854700855,,128.0,7387.0,5.4,,0.9716984252,,,,1366.0,1045.0,0.1581259151
39580,2013-01-01,194000.0,97.526165557,,128.0,7202.0,7.0,0.12607609,0.9667568449,,,,1029.0,1744.0,0.1516034985
39580,2013-02-01,188421.0,97.420726986,,126.0,7420.0,6.3,0.1190026954,0.9718318826,,,,1170.0,1972.0,0.1623931624
39580,2013-03-01,205000.0,101.003954974,,106.0,7664.0,4.9,0.1300887265,0.9746109592,,,,1572.0,2393.0,0.1743002545
39580,2013-04-01,202000.0,103.448275862,,83.0,7981.0,4.3,0.1482270392,0.9740147034,,,,1849.0,2584.0,0.1698215251
39580,2013-05-01,212000.0,105.48129812,,75.0,8089.0,3.9,0.163802695,0.9798120376,,,,2083.0,2517.0,0.1982717235
39580,2013-06-01,212500.0,103.938100474,,72.0,8236.0,4.2,0.151651287,0.9774454693,,,,1965.0,2320.0,0.1903307888
39580,2013-07-01,214000.0,105.356634575,,74.0,7964.0,3.8,0.1698895028,0.9808170057,,,,2072.0,2054.0,0.1964285714
39580,2013-08-01,220000.0,106.159895151,,72.0,7855.0,4.0,0.1842138765,0.9802792102,,,,1953.0,2105.0,0.2124935996
39580,2013-09-01,205000.0,104.639296073,,78.0,7755.0,4.7,0.1806576402,0.9773053163,,,,1635.0,1907.0,0.1944954128
39580,2013-10-01,220000.0,106.817071057,,79.0,7629.0,4.8,0.1942587495,0.978813114,,,,1574.0,1843.0,0.2007623888
39580,2013-11-01,212516.0,105.854564756,,83.0,7286.0,5.2,0.1402690091,0.9778772164,,,,1408.0,1400.0,0.1853693182
39580,2013-12-01,221000.0,105.663567202,,88.0,6554.0,4.0,0.1071101617,0.9751530303,,,,1658.0,1121.0,0.1869722557
39580,2014-01-01,210000.0,103.57031139,,92.0,6752.0,5.8,0.153436019,0.9726196443,,,,1164.0,1658.0,0.1795532646
39580,2014-02-01,214000.0,102.174027202,,106.0,7005.0,6.1,0.124910778,0.9727767131,,,,1142.0,1840.0,0.1409807356
39580,2014-03-01,212000.0,106.048239472,,91.0,7412.0,4.7,0.1443604965,0.9758685607,,,,1578.0,2448.0,0.1888466413
39580,2014-04-01,215000.0,106.192005327,,73.0,7719.0,4.2,0.1677678456,0.9800564126,,,,1833.0,2666.0,0.2078559738
39580,2014-05-01,225257.5,108.771396122,,67.0,7874.0,3.6,0.1871983744,0.9819683935,,,,2165.0,2707.0,0.2166281755
39580,2014-06-01,222000.0,109.998853868,,68.0,8133.0,3.8,0.1924259191,0.9821213209,,,,2131.0,2479.0,0.2097606757
39580,2014-07-01,225000.0,109.43981008,,64.0,8249.0,3.8,0.1872954297,0.98023977,,,,2162.0,2243.0,0.1951896392
39580,2014-08-01,220385.0,107.412902517,,71.0,8043.0,3.9,0.1860002487,0.9799615062,,,,2038.0,2054.0,0.185966634
39580,2014-09-01,218300.0,106.976744186,,77.0,7792.0,4.5,0.1886550308,0.9789150714,,,,1728.0,1801.0,0.1944444444
39580,2014-10-01,218588.0,107.588713125,,75.0,7497.0,4.0,0.2044817927,0.9782730417,,,,1868.0,1840.0,0.1970021413
39580,2014-11-01,218220.0,108.506363027,,80.0,6842.0,4.6,0.1426483484,0.9785058121,,,,1496.0,1337.0,0.1838235294
39580,2014-12-01,215000.0,106.821766562,,83.0,6125.0,3.5,0.1128163265,0.9770252706,,,,1745.0,1156.0,0.176504298
39580,2015-01-01,209000.0,106.048703849,1055.5792616128897,90.0,6250.0,5.2,0.1416,0.9772740069,0.005050618476616697,16.49962944521531,0.0333340819456702,1204.0,1823.0,0.1669435216
39580,2015-02-01,215000.0,107.257956774,1057.476337845197,89.0,6346.0,4.9,0.1189725812,0.9780426596,0.0049184945946288226,16.942853495119504,0.03246206432455023,1284.0,1732.0,0.1783489097
39580,2015-03-01,230000.0,109.900090827,1065.645949586446,72.0,6691.0,3.5,0.1363024959,0.9825888777,0.004633243259071504,17.985961166656555,0.03057940550987193,1892.0,2533.0,0.1955602537
39580,2015-04-01,225000.0,110.378751683,1070.6260083462896,66.0,7284.0,3.9,0.1565074135,0.9833247327,0.004758337814872398,17.51311835676552,0.031405029578157835,1888.0,2844.0,0.2441737288
39580,2015-05-01,240000.0,113.890174425,1083.41481617014,57.0,7551.0,3.3,0.1578598861,0.9869140762,0.004514228400708917,18.460149982718335,0.029793907444678854,2273.0,2751.0,0.2595688517
39580,2015-06-01,247000.0,115.142558499,1089.3427426155447,59.0,7515.0,2.9,0.1834996673,0.9857642347,0.004410294504516375,18.89518562717197,0.029107943729808076,2617.0,2599.0,0.2575468093
39580,2015-07-01,235000.0,113.636363636,1094.165338680945,58.0,7565.0,3.2,0.1825512227,0.9845193264,0.004656022717791255,17.89796536320711,0.03072974993742229,2329.0,2595.0,0.2361528553
39580,2015-08-01,238000.0,113.274870855,1093.005564899944,60.0,7571.0,3.5,0.1842557126,0.9858248389,0.004592460356722453,18.145683764335566,0.030310238354368194,2178.0,2398.0,0.2396694215
39580,2015-09-01,234000.0,113.541666667,1091.9543211959335,58.0,7470.0,3.9,0.1870147256,0.9849893587,0.00466647145810228,17.857889859937686,0.03079871162347505,1935.0,2099.0,0.2325581395
39580,2015-10-01,235000.0,113.480392157,1091.328693622928,63.0,7209.0,3.7,0.1937855458,0.9846580108,0.004643951887757141,17.94448679647719,0.030650082459197134,1956.0,1945.0,0.2285276074
39580,2015-11-01,239000.0,112.828947368,1092.1154067958155,71.0,6957.0,4.7,0.1388529539,0.9845342059,0.0045695205305264245,18.23677840522429,0.030158835501474406,1477.0,1519.0,0.2186865267
39580,2015-12-01,236500.0,112.850382235,1093.6925278667825,76.0,6043.0,3.1,0.1080589111,0.9852173386,0.00462449271825278,18.01999449678412,0.030521651940468353,1959.0,1099.0,0.2184788157
39580,2016-01-01,225000.0,112.698412698,1095.553291593803,83.0,6127.0,4.8,0.1251836135,0.9845650669,0.004869125740416902,17.114639829818444,0.032136229886751556,1270.0,1674.0,0.2251968504
39580,2016-02-01,230250.0,113.0,1095.997513847133,86.0,6318.0,4.6,0.1179170624,0.9858265693,0.004760032633429459,17.506882778090155,0.03141621538063444,1376.0,2075.0,0.2434593023
39580,2016-03-01,235637.0,113.984776836,1102.9447875989924,72.0,6832.0,3.4,0.1405152225,0.9870063088,0.004680694405373487,17.803626153774488,0.030892583075465017,2015.0,2821.0,0.276426799
39580,2016-04-01,244900.0,117.54587156,1111.7745136238375,58.0,7300.0,3.4,0.15,0.9922205467,0.004539708099729839,18.356540002713512,0.02996207345821694,2116.0,2955.0,0.3289224953
39580,2016-05-01,246000.0,118.766404199,1122.4533904695213,55.0,7458.0,3.0,0.1571466881,0.9928247711,0.004562818660445209,18.26356459347044,0.03011460315893838,2527.0,2883.0,0.3434903047
39580,2016-06-01,259293.0,121.177149452,1128.4183359463746,55.0,7538.0,2.6,0.1581321305,0.9927731573,0.004351904355097803,19.1487051492106,0.0287225687436455,2857.0,2870.0,0.3374168708
39580,2016-07-01,247978.0,119.36676561,1130.2197489181192,55.0,7476.0,3.1,0.167870519,0.992149709,0.0045577420130742214,18.28390749065776,0.030081097286289864,2420.0,2566.0,0.35
39580,2016-08-01,242700.0,117.945823928,1129.9793706706691,55.0,7220.0,2.9,0.1835180055,0.9910241014,0.004655868853196,17.898556845330717,0.0307287344310936,2494.0,2441.0,0.303127506
39580,2016-09-01,250000.0,119.173728814,1130.0879979834456,57.0,7136.0,3.3,0.1758688341,0.9916468074,0.004520351991933782,18.435142546871393,0.029834323146762966,2193.0,2221.0,0.3164614683
39580,2016-10-01,247335.0,118.421052632,1128.6197219394712,58.0,6800.0,3.4,0.1733823529,0.9887585267,0.004563121765781111,18.26235143630194,0.030116603654155336,2011.0,1956.0,0.2744903033
39580,2016-11-01,250000.0,119.773762147,1125.9853708361363,61.0,6364.0,3.5,0.1484915148,0.9891174575,0.004503941483344545,18.502312616959557,0.029726013790074005,1842.0,1627.0,0.2774158523
39580,2016-12-01,257500.0,120.698012603,1120.4359217973688,71.0,5587.0,2.8,0.1052443172,0.9886850155,0.004351207463290752,19.151772016475995,0.028717969257718967,2023.0,1223.0,0.251606525
39580,2017-01-01,247000.0,117.916666667,1121.108762605979,69.0,5726.0,4.2,0.1313307719,0.9878593069,0.004538901872898701,18.359800600869512,0.02995675236113143,1379.0,1879.0,0.2632342277
39580,2017-02-01,250000.0,118.979673,1129.703534303101,69.0,6187.0,4.1,0.1157265234,0.9900458311,0.004518814137212404,18.441416443107034,0.029824173305601862,1513.0,2343.0,0.2901520159
39580,2017-03-01,261900.0,121.376040222,1141.7486605086938,54.0,6667.0,2.8,0.1505924704,0.991996761,0.004359483239819373,19.11541546304605,0.028772589382807866,2374.0,3090.0,0.3357203033
39580,2017-04-01,265000.0,123.439667129,1154.3979736459182,50.0,7067.0,3.3,0.1672562615,0.9953156675,0.004356218768475163,19.129740208732233,0.02875104387193608,2167.0,2747.0,0.3733271804
39580,2017-05-01,270000.0,126.503587581,1164.2325219469858,52.0,7171.0,2.8,0.1757077116,0.9957908668,0.0043119723035073545,19.326036316501863,0.028459017203148543,2518.0,2856.0,0.3752978554
39580,2017-06-01,275000.0,128.024526461,1170.6855734041326,52.0,7195.0,2.5,0.1838776928,0.9965188172,0.004257038448742301,19.575424167933775,0.02809645376169918,2895.0,2883.0,0.3699481865
39580,2017-07-01,265739.5,125.338142471,1174.4384090925255,51.0,7108.0,3.0,0.191474395,0.9960912026,0.004419510118339673,18.85578516666913,0.029168766781041845,2357.0,2578.0,0.3512940178
39580,2017-08-01,265000.0,124.137931034,1172.1607213624727,52.0,6912.0,2.6,0.1977719907,0.9935789171,0.004423248005141407,18.839850995573844,0.029193436833933283,2646.0,2517.0,0.3303099017
39580,2017-09-01,261694.0,123.984219657,1173.1772645905462,55.0,6859.0,3.1,0.2060067065,0.9923321593,0.004483011702945219,18.588694131354945,0.02958787723943845,2190.0,2269.0,0.3105022831
39580,2017-10-01,265000.0,127.041742287,1169.912415319084,55.0,6683.0,3.2,0.2081400569,0.9916867203,0.004414763831392769,18.87605691175633,0.02913744128719228,2074.0,2146.0,0.2965284474
39580,2017-11-01,269950.0,127.260760302,1167.9334673801882,57.0,6157.0,3.0,0.174273185,0.9918244016,0.004326480708946799,19.261228453187602,0.028554772679048872,2076.0,1641.0,0.2846820809
39580,2017-12-01,273000.0,126.69120814,1164.5790895138796,61.0,5447.0,2.5,0.1004222508,0.9901618811,0.004265857470746812,19.534954907610732,0.028154659306928956,2151.0,1294.0,0.2891678289
39580,2018-01-01,268000.0,125.702247191,1168.6899599937208,62.0,5680.0,4.0,0.1251760563,0.9892295646,0.004360783432812391,19.109716090530398,0.028781170656561782,1420.0,1972.0,0.2598591549
39580,2018-02-01,276312.0,128.163242559,1178.9435816156238,62.0,6111.0,4.1,0.1181476027,0.9918353121,0.004266711476937751,19.531044877011993,0.02816029574778916,1477.0,2307.0,0.2897765741
39580,2018-03-01,280000.0,129.735683548,1190.647941688177,54.0,6609.0,3.1,0.1443486155,0.995813767,0.0042523140774577755,19.597172695943886,0.02806527291122132,2158.0,2925.0,0.3577386469
39580,2018-04-01,282000.0,131.698308819,1199.637226422125,49.0,7018.0,3.0,0.1570247934,0.9966591637,0.004254032717808953,19.589255386887174,0.028076615937539098,2311.0,2972.0,0.3673734314
39580,2018-05-01,282206.0,133.113034728,1207.7566604748963,49.0,7471.0,2.9,0.1860527373,0.9991536912,0.004279698732397243,19.471775595441216,0.028246011633821805,2586.0,3244.0,0.3894044857
39580,2018-06-01,290000.0,134.485780363,1211.9116123425028,49.0,7286.0,2.5,0.18858084,0.9974376645,0.004179005559801734,19.940948185119655,0.027581436694691448,2858.0,2721.0,0.3673897831
39580,2018-07-01,285000.0,133.842754775,1215.487999929711,50.0,7097.0,2.7,0.1661265323,0.9971590629,0.004264870175191968,19.539477149402884,0.02814814315626699,2674.0,2504.0,0.3537771129
39580,2018-08-01,283000.0,133.136094675,1215.9408830729365,50.0,7113.0,2.7,0.2010403487,0.9946791741,0.004296610894250659,19.395131508148097,0.028357631902054353,2613.0,2605.0,0.328358209
39580,2018-09-01,280400.0,131.968948483,1215.8822675411382,54.0,7109.0,3.7,0.1572654382,0.9943558014,0.004336242038306484,19.21786943559984,0.028619197452822796,1915.0,1971.0,0.3394255875
39580,2018-10-01,279000.0,134.773146799,1211.7570185706827,54.0,6864.0,3.3,0.2188228438,0.9917811128,0.004343215120325028,19.187014924348723,0.028665219794145186,2094.0,2188.0,0.2827125119
39580,2018-11-01,285000.0,135.562851912,1210.707259808295,56.0,6611.0,3.2,0.2126758433,0.9910491681,0.004248095648450158,19.616633011485042,0.028037431279771045,2062.0,1876.0,0.2609117362
39580,2018-12-01,279000.0,132.846715328,1207.787565082965,57.0,6084.0,3.0,0.1020710059,0.9917529392,0.004328987688469409,19.250073996583097,0.0285713187438981,1996.0,1336.0,0.2670340681
39580,2019-01-01,280000.0,136.281355056,1212.3178855947897,63.0,6297.0,4.7,0.1838970939,0.9883571213,0.004329706734267106,19.246877086108064,0.0285760644461629,1352.0,2150.0,0.2655325444
39580,2019-02-01,286372.5,134.998844198,1214.247777083925,66.0,6470.0,3.8,0.1397217929,0.9901496856,0.004240099091511668,19.65362873244162,0.027984654003977007,1719.0,2153.0,0.2722513089
39580,2019-03-01,285000.0,135.395251656,1225.910021601668,57.0,6738.0,2.9,0.177797566,0.9927626334,0.004301438672286554,19.373363119236355,0.028389495237091264,2290.0,2801.0,0.2890829694
39580,2019-04-01,294890.0,137.748074436,1235.1425820364568,54.0,7006.0,2.8,0.1785612332,0.9939381408,0.004188485815173308,19.895813668855705,0.02764400638014384,2482.0,2869.0,0.3122481869
39580,2019-05-01,295856.5,139.878376822,1245.6470423379674,52.0,7333.0,2.6,0.2134187918,0.9943313958,0.00421030818095248,19.792692067135377,0.02778803399428637,2802.0,3214.0,0.3208422555
39580,2019-06-01,293000.0,139.961034361,1254.057926321966,52.0,7375.0,2.7,0.1910508475,0.9952949374,0.0042800611819862324,19.470126661755135,0.028248403801109132,2702.0,2761.0,0.325684678
39580,2019-07-01,292950.0,139.175257732,1260.1842830047126,51.0,7160.0,2.6,0.1953910615,0.9931311924,0.00430170432839977,19.372166697550146,0.028391248567438482,2773.0,2625.0,0.2928236567
39580,2019-08-01,290000.0,139.287177386,1262.2352199174372,53.0,7196.0,2.8,0.2152584769,0.9925177575,0.0043525352410946115,19.14592960593146,0.028726732591224435,2585.0,2641.0,0.285106383
39580,2019-09-01,290000.0,139.512195122,1258.422054580085,54.0,7158.0,3.4,0.2228276055,0.9915774993,0.004339386395103741,19.20394400170513,0.028639950207684693,2116.0,2330.0,0.2745746692
39580,2019-10-01,293000.0,140.707298721,1253.5498576436494,56.0,7093.0,3.0,0.2353024108,0.9914452789,0.004278327159193343,19.47801798052429,0.028236959250676062,2358.0,2431.0,0.27014419
39580,2019-11-01,295000.0,139.679255044,1253.8532480715344,56.0,6703.0,3.1,0.173504401,0.9904959715,0.004250349993462828,19.606228536826993,0.02805230995685467,2148.0,1892.0,0.2574487896
39580,2019-12-01,291470.0,138.916068711,1258.8213383907269,62.0,5849.0,2.4,0.1225850573,0.9890237017,0.00431887102751819,19.295165982583246,0.028504548781620058,2450.0,1359.0,0.2257142857
39580,2020-01-01,290146.5,139.542620329,1269.7917895862972,71.0,6088.0,3.7,0.1532522996,0.9892900722,0.004376381550652161,19.041606032023225,0.02888411823430426,1638.0,2347.0,0.2118437118
39580,2020-02-01,299900.0,140.925828511,1273.0563334141889,68.0,6404.0,3.3,0.1175827608,0.9917389446,0.004244936090077322,19.63123391377499,0.02801657819451033,1959.0,2516.0,0.2654415518
39580,2020-03-01,301000.0,143.248188606,1276.646261347605,55.0,6721.0,2.7,0.1379259039,0.9945279667,0.004241349705473771,19.647833619044803,0.027992908056126888,2510.0,2934.0,0.3023904382
39580,2020-04-01,310000.0,144.571740316,1273.632874996027,51.0,6719.0,3.0,0.1394552761,0.995399062,0.004108493145148474,20.283186654878012,0.027116054757979933,2203.0,2269.0,0.3431684067
39580,2020-05-01,305000.0,143.396666239,1274.4325984370475,54.0,6608.0,3.0,0.1430084746,0.9935391375,0.004178467535859172,19.9435158029051,0.02757788573667054,2238.0,2633.0,0.2828418231
39580,2020-06-01,302500.0,144.58676739,1279.953413747499,53.0,6139.0,2.1,0.1365043167,0.9949329565,0.004231250954537187,19.694727216303413,0.027926256299945437,2901.0,2705.0,0.3098931403
39580,2020-07-01,312400.0,146.457765668,1286.8895244376831,53.0,6077.0,2.0,0.1362514399,0.9978015067,0.004119364674896553,20.229656733517054,0.027187806854317254,3102.0,3124.0,0.3375241779
39580,2020-08-01,319835.0,148.399014778,1295.6623570268562,49.0,5825.0,2.1,0.1277253219,0.9995295823,0.00405103367995015,20.570881389057913,0.02673682228767099,2763.0,2759.0,0.3727832067
39580,2020-09-01,315000.0,148.728416892,1297.475283935948,48.0,5638.0,2.1,0.1124512238,0.999989281,0.004118969155352216,20.231599264357065,0.027185196425324628,2744.0,2671.0,0.3793731778
39580,2020-10-01,315000.0,149.992758742,1300.271662168274,44.0,5564.0,2.0,0.1166427031,1.001608344,0.004127846546565949,20.18808896921332,0.02724378720733527,2798.0,2787.0,0.3795568263
39580,2020-11-01,318000.0,150.804289544,1302.7791769251576,46.0,5001.0,2.0,0.09858028394,1.001764256,0.004096789864544521,20.341129540115745,0.027038813105993837,2531.0,1909.0,0.3804820229
39580,2020-12-01,315000.0,151.100375738,1304.1222129378598,48.0,4211.0,1.5,0.07147945856,1.000582509,0.004140070517263047,20.12848162509658,0.027324465413936114,2823.0,1744.0,0.3783209352
39580,2021-01-01,312000.0,152.995027412,1310.639586542725,50.0,4115.0,2.1,0.06731470231,1.00227095,0.004200767905585657,19.83764283252285,0.02772506817686534,1944.0,2215.0,0.3816872428
39580,2021-02-01,320000.0,153.906043639,1315.385063574735,46.0,4162.0,2.1,0.04733301297,1.007164395,0.004110578323671048,20.272897575859975,0.02712981693622892,2004.0,2286.0,0.4356287425
39580,2021-03-01,330000.0,160.750209248,1327.4485611079383,39.0,4202.0,1.6,0.05568776773,1.016640443,0.004022571397296783,20.716433619881638,0.02654897122215877,2563.0,2711.0,0.5185329692
39580,2021-04-01,350000.0,164.731287199,1344.326815310448,36.0,4399.0,1.7,0.04978404183,1.024359572,0.0038409337580298515,21.696113128511204,0.02535016280299702,2596.0,2853.0,0.5789676425
39580,2021-05-01,360000.0,169.773635153,1374.8606357733358,35.0,4196.0,1.5,0.04122974261,1.034937662,0.0038190573215925996,21.82039344164182,0.025205778322511155,2726.0,2622.0,0.6438004402
39580,2021-06-01,375000.0,176.013501262,1412.7274055076127,35.0,4069.0,1.3,0.0471860408,1.045622247,0.003767273081353634,22.120332541274255,0.02486400233693399,3165.0,2754.0,0.6672985782
39580,2021-07-01,375000.0,180.418041804,1449.8440393583762,32.0,4292.0,1.6,0.09226467847,1.052011426,0.0038662507716223367,21.5540424705471,0.025517255092707424,2607.0,2819.0,0.6835443038
39580,2021-08-01,375000.0,181.929443259,1481.032244288015,33.0,4224.0,1.5,0.08641098485,1.045123052,0.003949419318101373,21.10014830569944,0.026066167499469065,2786.0,2697.0,0.6539842067
39580,2021-09-01,380000.0,181.992296491,1497.8365066278066,35.0,4494.0,1.8,0.0930129061,1.038111323,0.003941675017441596,21.141604258237933,0.026015055115114538,2463.0,2882.0,0.6195696305
39580,2021-10-01,385000.0,186.353211009,1507.1477491585497,33.0,4419.0,1.7,0.08938673908,1.036032303,0.003914669478333895,21.28745065057203,0.025836818557003708,2580.0,2684.0,0.6178294574
39580,2021-11-01,394814.0,190.103618071,1512.4684165042918,35.0,3872.0,1.5,0.09194214876,1.031128838,0.0038308378540383363,21.753291710189774,0.02528352983665302,2539.0,2055.0,0.5892083497
39580,2021-12-01,394000.0,190.623789229,1519.4080629652155,35.0,3218.0,1.3,0.06494717216,1.028757702,0.0038563656420436943,21.609292548610753,0.025452013237488382,2500.0,1588.0,0.5564
39580,2022-01-01,401000.0,196.402877698,1528.5838407044869,35.0,2878.0,1.7,0.06045865184,1.02790239,0.003811929777317922,21.861193201719143,0.025158736530298292,1686.0,1739.0,0.5610913405
39580,2022-02-01,400000.0,198.275862069,1537.1189908854735,34.0,2889.0,1.6,0.03357563171,1.029575527,0.0038427974772136837,21.685590725888645,0.02536246334961031,1830.0,2071.0,0.550273224
39580,2022-03-01,420000.0,208.028534797,1551.0747670081505,28.0,3131.0,1.4,0.05206004471,1.0511668,0.0036930351595432153,22.564998634792495,0.02437403205298522,2292.0,2666.0,0.6313263525
39580,2022-04-01,440000.0,214.115781126,1567.7415361080398,27.0,3657.0,1.6,0.07601859448,1.058470551,0.0035630489457000904,23.388208975883007,0.0235161230416206,2341.0,2936.0,0.680478428
39580,2022-05-01,445000.0,220.998531571,1590.12210474388,27.0,4182.0,1.7,0.1241032999,1.055064313,0.003573308100548045,23.321060202044247,0.023583833463617098,2479.0,3114.0,0.6853569988
39580,2022-06-01,450000.0,220.836677859,1615.1585575660345,29.0,4700.0,1.8,0.2085106383,1.038380662,0.003589241239035632,23.217534788974948,0.02368899217763517,2679.0,3165.0,0.6412840612
39580,2022-07-01,450000.0,218.289756478,1635.461777378626,32.0,5317.0,2.3,0.260485236,1.021576257,0.0036343595052858355,22.92930383252752,0.023986772734886516,2294.0,2835.0,0.566695728
39580,2022-08-01,436327.5,216.106390839,1646.8137473862105,35.0,5482.0,2.2,0.321597957,1.004860548,0.0037742607270598587,22.079379078363203,0.024910120798595066,2452.0,2711.0,0.4094616639
39580,2022-09-01,430000.0,211.46586857,1647.0936851241115,40.0,5713.0,2.7,0.342902153,0.9955186561,0.0038304504305211894,21.755491904902314,0.025280972841439854,2137.0,2320.0,0.3107159569
39580,2022-10-01,430000.0,212.313614253,1636.2651953010156,41.0,5510.0,3.0,0.3680580762,0.9909985625,0.0038052678960488738,21.899465585553354,0.02511476811392257,1851.0,1792.0,0.263641275
39580,2022-11-01,431568.5,209.210074143,1622.4128709497222,48.0,5209.0,3.0,0.3403724323,0.9860936382,0.003759340338670969,22.16700958838804,0.0248116462352284,1710.0,1419.0,0.2169590643
39580,2022-12-01,430000.0,205.36258379,1615.1683177682476,54.0,4611.0,2.7,0.2530904359,0.983551606,0.003756205390158715,22.18551028963093,0.02479095557504752,1738.0,1028.0,0.1553509781
39580,2023-01-01,430000.0,205.364430265,1615.8417624654517,70.0,4516.0,3.9,0.2781222321,0.9765949616,0.0037577715406173296,22.176263892733427,0.024801292168074373,1167.0,1642.0,0.1353898886
39580,2023-02-01,412000.0,200.0,1624.445558236625,64.0,4202.0,2.8,0.2168015231,0.9853307919,0.003942829024846177,21.135416425160468,0.026022671563984773,1499.0,1614.0,0.1994663109
39580,2023-03-01,418500.0,202.526620979,1634.433433831672,56.0,4131.0,1.9,0.2328733963,0.9884740327,0.003905456233767436,21.33766923639163,0.025776011142865075,2187.0,2170.0,0.2226794696
39580,2023-04-01,431519.0,206.611570248,1643.3360886468215,47.0,4138.0,2.1,0.15659739,0.9936328857,0.003808258937953651,21.882265542088398,0.025134508990494096,1951.0,2054.0,0.2501281394
39580,2023-05-01,440000.0,208.819751853,1652.7992152313243,42.0,4112.0,1.9,0.2045233463,1.001098548,0.0037563618527984644,22.18458620307055,0.024791988228469865,2139.0,2128.0,0.3230481533
39580,2023-06-01,445000.0,212.137802885,1655.66514804872,41.0,4137.0,1.9,0.2076383853,1.001537282,0.0037205958383117305,22.397846193137422,0.024555932532857427,2189.0,2261.0,0.3458200091
39580,2023-07-01,445000.0,214.808362369,1664.4158226398092,42.0,4046.0,2.1,0.2118141374,1.000102644,0.0037402602755950767,22.28008940369129,0.024685717818927505,1928.0,1974.0,0.3303941909
39580,2023-08-01,443500.0,212.927756654,1663.9663061892056,41.0,4145.0,2.1,0.2434258142,0.9958207739,0.0037518969699869347,22.210986602231653,0.02476252000191377,2001.0,2136.0,0.2973513243
39580,2023-09-01,435500.0,214.230280684,1660.0182852985786,40.0,4312.0,2.6,0.2349257885,0.9947931108,0.003811752664290651,21.86220898171557,0.0251575675843183,1660.0,1884.0,0.2584337349
39580,2023-10-01,435500.0,213.504706157,1645.4431448681285,42.0,4394.0,2.7,0.3377332726,0.9955626628,0.0037782850628430044,22.055861838711664,0.024936681414763833,1637.0,1916.0,0.2620647526
39580,2023-11-01,425000.0,210.764645637,1632.0634537304204,43.0,3651.0,2.2,,0.9918132756,0.0038401493028951067,21.7005451508117,0.025344985399107706,1634.0,1464.0,0.2264381885
39580,2023-12-01,441000.0,210.163652024,1625.6554364814797,41.0,3089.0,2.1,,0.9888001859,0.0036862935067607247,22.60626647891672,0.024329537144620782,1487.0,1021.0,0.1956960323
39580,2024-01-01,417970.0,207.332078595,1624.699724658083,42.0,3033.0,2.5,0.3488295417,0.9863618309,0.0038871204264853527,21.438320450668794,0.02565499481480333,1222.0,1824.0,0.1669394435
39580,2024-02-01,415000.0,211.160714286,1629.9133944274886,39.0,3098.0,2.0,0.2362814719,0.9939037297,0.0039275021552469605,21.21789627078979,0.025921514224629936,1568.0,2073.0,0.2257653061
39580,2024-03-01,437600.0,213.299874529,1632.6975830943206,25.0,3232.0,1.7,0.2252475248,0.9964481548,0.003731027383670751,22.335224259690715,0.02462478073222696,1857.0,2291.0,0.2627894453
39580,2024-04-01,450575.0,215.777585523,1639.1696768559923,21.0,3546.0,1.7,0.2791878173,0.9992123852,0.0036379507892270817,22.90666866085847,0.02401047520889874,2039.0,2593.0,0.3060323688
39580,2024-05-01,450000.0,222.586712939,1647.12500435749,21.0,3960.0,1.8,0.298989899,0.9982687623,0.003660277787461089,22.766942339405496,0.02415783339724319,2141.0,2698.0,0.306398879
39580,2024-06-01,455000.0,220.319840187,1657.6682534964907,20.0,4213.0,2.0,0.318537859,0.9971638423,0.003643226930761518,22.873495095710318,0.02404529774302602,2058.0,2391.0,0.3041788144
39580,2024-07-01,440000.0,217.700610758,1663.1888644077355,24.0,4570.0,2.4,0.3315098468,0.9939232323,0.0037799746918357625,22.046002983385613,0.024947832966116034,1902.0,2255.0,0.2450052576
39580,2024-08-01,435000.0,216.395418927,1662.492239034226,29.0,4837.0,2.5,0.3196195989,0.9904151514,0.0038218212391591404,21.804613067582395,0.025224020178450327,1899.0,2276.0,0.2122169563
39580,2024-09-01,439990.0,214.078374456,1651.9972711212374,34.0,5058.0,3.2,0.2955713721,0.9911210285,0.003754624584925197,22.19485102929234,0.0247805222605063,1577.0,2196.0,0.184527584
39580,2024-10-01,442765.0,216.427273919,1643.0067265745554,36.0,5088.0,2.7,0.4257075472,0.9896672866,0.0037107872721975662,22.457049467021182,0.024491195996503935,1894.0,2143.0,0.1948257656
39580,2024-11-01,440000.0,214.117647059,1634.141298851664,37.0,4822.0,2.9,,0.9874322759,0.0037139574973901455,22.437880183575857,0.02451211948277496,1636.0,1559.0,0.163202934
39580,2024-12-01,439900.0,213.760855043,1634.0487894660532,46.0,4230.0,2.5,0.2276595745,0.9878307879,0.003714591474121512,22.43405066583839,0.024516303729201983,1699.0,1105.0,0.1618599176
39580,2025-01-01,439000.0,210.555099809,1636.5694027374382,54.0,4529.0,3.5,0.510929565,0.9838337096,0.0037279485255978092,22.353670594196338,0.024604460268945538,1295.0,2171.0,0.149034749
39580,2025-02-01,420000.0,212.787248236,1642.9874364876896,50.0,4909.0,3.5,0.4121002241,0.9879001408,0.003911874848780214,21.302658330012278,0.02581837400194941,1416.0,2154.0,0.1779661017
39580,2025-03-01,432835.0,214.732865623,1651.1977562023442,41.0,5288.0,2.9,0.3271558245,0.9894507248,0.003814843430411922,21.844496334764415,0.025177966640718686,1809.0,2688.0,0.1929242676
39580,2025-04-01,440000.0,217.520858164,1656.0173219709084,33.0,5734.0,3.0,0.3245552843,0.9925956809,0.0037636757317520645,22.141475321663815,0.024840259829563626,1912.0,2887.0,0.2332635983
39580,2025-05-01,450000.0,217.034076227,1660.626458379105,35.0,6437.0,3.0,0.5171663819,0.9914387626,0.0036902810186202335,22.581839408124804,0.024355854722893543,2146.0,3107.0,0.2194780988
39580,2025-06-01,459450.0,219.51600349,1660.8712531823253,34.0,6682.0,3.1,0.3934450763,0.9896675531,0.0036149118580527267,23.052659817333186,0.023858418263147996,2160.0,2729.0,0.2069444444
39580,2025-07-01,451560.0,214.468253529,1662.119633051089,38.0,6899.0,3.1,0.3678794028,0.9868405017,0.0036808389428892928,22.63976626695881,0.024293537023069335,2220.0,2635.0,0.1761261261
39580,2025-08-01,450000.0,212.209859093,1662.1116531731534,47.0,6713.0,3.3,0.3475346343,0.9850151381,0.0036935814514958963,22.5616612027287,0.024377637579872918,2007.0,2222.0,0.1509715994
39580,2025-09-01,436999.5,211.504105591,1656.3975641342695,48.0,6643.0,3.7,0.3427668222,0.9842583199,0.0037903877787829722,21.985437426692584,0.025016559339967617,1816.0,2166.0,0.1321585903
39580,2025-10-01,445000.0,210.796915167,1649.75195640767,54.0,6691.0,3.5,0.3793154984,0.9822193025,0.003707307767208247,22.478126599153843,0.024468231263574433,1890.0,2391.0,0.1354497354
39580,2025-11-01,445000.0,210.780926054,1642.0128294071894,54.0,6150.0,4.1,0.3037398374,0.9844006802,0.003689916470577954,22.584070397745556,0.0243534487058145,1518.0,1483.0,0.1277997365
39580,2025-12-01,427000.0,207.820197044,1637.156452696192,63.0,5356.0,2.7,0.2374906647,0.9803134434,0.0038340900531526746,21.73483986501842,0.025304994350807655,1962.0,1186.0,0.121814475
39580,2026-01-01,415000.0,208.643551705,1639.1515400249582,72.0,5303.0,4.7,0.2658872336,0.9792336436,0.003949762747048092,21.098313663425383,0.026068434130517407,1131.0,1884.0,0.1114058355
39580,2026-02-01,428510.0,206.220419202,1644.158029870758,80.0,5508.0,3.9,0.2372912128,0.9830855647,0.003836918694711344,21.718816572317962,0.025323663385094872,1413.0,2133.0,0.1422505308
39580,2026-03-01,435000.0,211.486131149,1651.6080923776703,59.0,5892.0,3.2,0.2992192804,0.9858688895,0.0037968002123624604,21.948306118925682,0.025058881401592244,1830.0,2975.0,0.1775956284
39580,2026-04-01,445000.0,214.191646962,1656.111742940308,39.0,6410.0,3.1,0.335725429,0.9890798026,0.0037215994223377706,22.391806284456703,0.02456255618742929,2058.0,3146.0,0.2060252672
39580,2026-05-01,445970.0,215.340442986,1660.0650075574022,34.0,6433.0,3.0,0.3772734339,0.9897751841,0.0037223692346063687,22.38717550064472,0.024567636948402034,2113.0,2711.0,0.1921438713
45300,2012-01-01,111256.533769693,69.383797355,,129.592699719,24421.117081996,6.441864215,,0.9431035158,,,,3897.767292789,4708.528957568,0.1303305298
45300,2012-02-01,100000.0,66.818960594,,130.0,24807.0,7.4,,0.9439492677,,,,3357.0,4924.0,0.1495382782
45300,2012-03-01,105000.0,68.643586238,,128.0,24786.0,5.9,,0.9449330122,,,,4235.0,5260.0,0.1449822904
45300,2012-04-01,110000.0,72.060606061,,113.0,24768.0,6.0,,0.9472415622,,,,4123.0,5035.0,0.1360659714
45300,2012-05-01,115000.0,72.689511942,,112.0,24619.0,5.7,,0.9495490327,,,,4351.0,5166.0,0.1535279246
45300,2012-06-01,111120.462509186,72.66287998,,118.402921476,24133.29127972,5.978661026,-1.850074634e-05,0.9507300982,,,,3928.372083782,4706.190866876,0.1484245261
45300,2012-07-01,117900.0,73.746312684,,113.0,24187.0,5.9,,0.9547932102,,,,4075.0,5090.0,0.1651533742
45300,2012-08-01,118000.0,74.655188194,,109.0,23749.0,5.4,,0.9564296099,,,,4404.0,4969.0,0.1643960036
45300,2012-09-01,119000.0,74.895288842,,115.0,23583.0,6.3,,0.9545097548,,,,3715.0,4467.0,0.1714670256
45300,2012-10-01,120872.219534979,74.634003195,,114.781213241,23533.801079898,5.524459005,-0.001925491754,0.9515651698,,,,4317.911620707,5006.596261883,0.1548405359
45300,2012-11-01,123792.365034723,77.141221609,,110.485162956,22962.741858484,5.30022175,0.003826404888,0.9541289119,,,,4683.519493015,5017.596145761,0.1650851242
45300,2012-12-01,122471.247908969,77.047399923,,109.007258506,22503.740351031,5.30011409,0.01787254359,0.9570477187,,,,4435.396585968,5218.27650544,0.1664669669
45300,2013-01-01,114250.0,71.786714716,,109.0,22790.0,6.8,,0.9530892572,,,,3369.0,5506.0,0.160284951
45300,2013-02-01,126002.316489244,79.896474576,,100.489064019,23262.011548041,5.657316172,-0.0009031163141,0.9573784169,,,,4418.355185887,5401.821107927,0.1681400091
45300,2013-03-01,126000.0,80.729166667,,99.0,23306.0,4.9,,0.9591296675,,,,4773.0,5486.0,0.1630002095
45300,2013-04-01,126050.0,82.745868664,,94.0,23340.0,4.6,,0.9571362934,,,,5049.0,5986.0,0.1691424044
45300,2013-05-01,136900.0,84.676987271,,91.0,22915.0,4.3,,0.9633218828,,,,5280.0,5779.0,0.1763257576
45300,2013-06-01,133103.950003145,85.057546714,,96.403633723,22808.782277338,5.010221345,0.0050954541,0.9620008259,,,,4463.480462067,5548.987177022,0.1749123631
45300,2013-07-01,145000.0,89.626239512,,92.0,22786.0,4.5,8.777319407e-05,0.9671075105,,,,5033.0,5890.0,0.1881581562
45300,2013-08-01,144999.5,89.65929468,,90.0,22984.0,4.7,0.0003045596937,0.9654336523,,,,4884.0,5919.0,0.1785421785
45300,2013-09-01,137426.211196317,88.065271571,,92.114793413,23339.261752888,5.008723837,0.007967535914,0.9649077811,,,,4619.481914346,5696.781997545,0.1675864443
45300,2013-10-01,136886.913955958,87.532844753,,85.78716141,23935.490576398,5.623272752,-0.001864227727,0.9642492106,,,,4291.768757622,5704.980634026,0.1723904528
45300,2013-11-01,134755.857085249,87.28349907,,88.489738394,24406.51198653,5.930079645,0.01087892789,0.9640935645,,,,4366.272633471,5765.608090609,0.1625935577
45300,2013-12-01,140000.0,89.20997921,,95.0,23447.0,5.5,0.001876572696,0.9576194028,,,,4266.0,4392.0,0.1490857947
45300,2014-01-01,123750.0,82.747130692,,102.0,24894.0,7.3,0.003976861894,0.9557699036,,,,3404.0,6090.0,0.1559929495
45300,2014-02-01,125000.0,83.452811293,,103.0,25631.0,6.8,0.008232218798,0.9533074492,,,,3742.0,5706.0,0.1445750935
45300,2014-03-01,136148.084454094,87.863944083,,101.825484835,25274.363021911,5.87240861,0.02295466269,0.9573951221,,,,4375.177049374,5775.212556645,0.1446070946
45300,2014-04-01,134000.0,89.359430605,,93.0,21930.0,4.4,0.2729594163,0.9578383257,,,,4934.0,6247.0,0.1402513174
45300,2014-05-01,143500.0,91.402439024,,80.0,20063.0,3.9,0.385734935,0.9604979531,,,,5113.0,6189.0,0.1402307843
45300,2014-06-01,136832.638542186,90.518200262,,68.403737284,19898.059865148,4.208643719,0.1959943462,0.9575656648,,,,4648.375494882,5820.783033645,0.1398013645
45300,2014-07-01,150000.0,95.42357383,,60.0,20734.0,4.1,0.07586572779,0.9606299717,,,,5037.0,6160.0,0.139170141
45300,2014-08-01,143162.470712962,92.588234866,,67.094821611,21023.34740136,4.184314091,0.1463506643,0.9597825427,,,,4827.8401665,6007.634347323,0.1386846613
45300,2014-09-01,143451.687251458,91.159974086,,66.118964713,21026.383201487,4.241754053,0.1665575483,0.9588422481,,,,4989.322078549,6012.508173885,0.1373337774
45300,2014-10-01,148921.15644742,93.801849042,,64.786146714,20871.135685797,4.144240657,0.1890939296,0.9590876596,,,,5167.754220609,6010.595523542,0.1361914326
45300,2014-11-01,144100.0,90.777305801,,71.0,20755.0,4.8,0.1660322814,0.9590576825,,,,4281.0,5024.0,0.1284746555
45300,2014-12-01,147000.0,92.989985694,,69.0,20108.0,3.8,0.1586930575,0.9593056728,,,,5336.0,4763.0,0.1390554723
45300,2015-01-01,141298.35628935,92.901365996,1040.621508572974,67.599425464,20725.474159258,4.244875692,0.2054745592,0.961787522,0.007364710644205904,11.315221650818666,0.048607090251758966,5046.28724754,6163.474338916,0.1461118002
45300,2015-02-01,146782.900320004,93.533140098,1044.1299748570943,66.481303633,20644.163622437,4.190561363,0.1910063365,0.9604427734,0.007113430601117488,11.714928844633988,0.046948641967375415,5286.93626777,6229.976479872,0.1408010939
45300,2015-03-01,153633.514709068,96.965228626,1048.395087954271,67.838207559,20770.066053715,4.117367692,0.1959096089,0.962980572,0.006823999893119616,12.211801676221478,0.04503839929458948,5203.618067675,6282.22722934,0.1456709824
45300,2015-04-01,156186.426055187,97.594367793,1056.6969382426591,67.412445788,20844.390132646,4.091359691,0.1929117798,0.9629506209,0.006765613151742682,12.317188621975584,0.04465304680150171,5264.700120224,6285.526545306,0.147317482
45300,2015-05-01,155127.416252736,97.290568225,1065.0656721256785,67.488862086,21070.679392269,3.914836923,0.2005179405,0.964000749,0.006865747511648469,12.137547032125706,0.0453139335768799,5255.906228502,6324.064422972,0.1501952738
45300,2015-06-01,152038.331466452,97.342946746,1072.1053056551173,64.398785914,20813.157049036,3.680263121,0.2066063732,0.9640728395,0.007051546115472088,11.817739254443536,0.046540204362115783,5589.247785096,6354.878978088,0.1525645235
45300,2015-07-01,153957.801175156,98.055809669,1076.9847285087808,64.2686892,20167.719441766,3.49859098,0.2207820358,0.9652210831,0.0069953241751193095,11.912719303235441,0.04616913955578744,5641.235725203,6244.790112223,0.1540363403
45300,2015-08-01,156214.753754357,98.903373799,1079.2450639064746,66.087081288,19784.608615391,3.491820632,0.2145894607,0.9667620569,0.006908726851777106,12.062039087838277,0.045597597221728896,5483.654085375,6308.157193344,0.1563942767
45300,2015-09-01,159000.0,100.155968201,1081.897176121758,63.0,19437.0,3.6,0.2135103154,0.9666297947,0.0068043847554827555,12.247004884047158,0.04490893938618619,5471.0,5919.0,0.1562785597
45300,2015-10-01,160986.900200692,100.931060701,1085.2550896828816,60.779608156,19417.39058638,3.51400805,0.2099417386,0.9673346193,0.006741263347079569,12.361678967701916,0.04449233809072516,5536.437401825,6420.867780042,0.1560559082
45300,2015-11-01,159676.397753418,102.873407648,1089.7893332212525,58.492232638,19590.790292226,4.116004593,0.1995956578,0.9668374333,0.006824986964599311,12.21003553055515,0.04504491396635545,5078.325614773,6365.725444481,0.1573770777
45300,2015-12-01,159512.236716137,103.089831653,1095.1553780313404,60.02505602,19439.83455999,3.686139689,0.1949793619,0.968515863,0.006865651191264058,12.137717313598415,0.04531329786234278,5582.092395121,6392.666978975,0.1557749471
45300,2016-01-01,155000.0,99.488032808,1099.3237653633996,68.0,19587.0,5.0,0.2029917803,0.9619904327,0.007092411389441288,11.749647441121997,0.0468099151703125,3950.0,6721.0,0.1402531646
45300,2016-02-01,157950.0,101.430517711,1104.3131878941954,68.0,20272.0,4.2,0.1980071034,0.9634599012,0.006991536485559958,11.91917306094972,0.04614414080469573,4771.0,7060.0,0.138754978
45300,2016-03-01,166000.0,106.460560455,1107.3696776640782,59.0,20356.0,3.4,0.2086362743,0.9672315506,0.00667090167267517,12.492064404828042,0.04402795103965613,5941.0,7462.0,0.1477865679
45300,2016-04-01,171068.552568624,107.001166774,1114.2848990641603,59.416790749,20039.873507308,3.499157096,0.1979137385,0.9677760927,0.006513674677975462,12.793597693035917,0.04299025287463805,5734.490071456,6482.878271212,0.1528715379
45300,2016-05-01,178000.0,110.190159065,1118.6548407336716,55.0,19895.0,3.2,0.2046242775,0.9711003765,0.006284577756930739,13.25997331187953,0.04147821319574288,6305.0,6876.0,0.1643140365
45300,2016-06-01,177985.817744508,109.949394846,1125.9706405584518,61.394111034,19752.302420402,3.447693506,0.2029049042,0.9684620256,0.006326181798230354,13.17276929294768,0.04175279986832034,5579.478127575,6455.581678928,0.149098355
45300,2016-07-01,174241.780211482,110.577785441,1127.7623424952008,62.263231761,19550.624171649,3.237077634,0.1990427841,0.9681823926,0.00647239910615241,12.875184605677347,0.04271783410060591,5717.423545124,6580.616334541,0.1535653332
45300,2016-08-01,181269.208805041,111.696237042,1131.029219263443,58.081512944,19312.879177917,3.449897185,0.2121680386,0.9699381334,0.006239499949932973,13.35577113583093,0.041180699669557626,5551.853907755,6572.589830045,0.1515527928
45300,2016-09-01,180890.0,112.921862791,1134.232481402333,56.0,19215.0,3.4,0.2090554254,0.9714252162,0.006270288470353988,13.290191308954046,0.04138390390433632,5701.0,6186.0,0.1596211191
45300,2016-10-01,180000.0,113.056977402,1138.8604765830753,57.0,18529.0,3.6,0.2145825463,0.9703677027,0.006327002647683751,13.17106029090106,0.04175821747471277,5180.0,6251.0,0.155019305
45300,2016-11-01,185000.0,113.095238095,1142.240934027883,54.0,17320.0,3.3,0.2194572748,0.9700009834,0.006174275319069638,13.496860607422718,0.04075021710585961,5265.0,5979.0,0.1468186135
45300,2016-12-01,189515.817159385,116.734785432,1143.2189110919437,46.027371852,17057.182206399,3.114426311,0.2418667586,0.9712424335,0.006032313968445616,13.814488730069588,0.03981327219174108,5769.111047776,6672.495755706,0.1433665421
45300,2017-01-01,182213.376105715,116.961965941,1147.8703478177993,39.612575711,16780.139123267,2.883451142,0.2424583683,0.9698243931,0.006299594312723989,13.228365065511564,0.04157732246397833,6050.35672522,6637.93639957,0.1437895137
45300,2017-02-01,185200.0,115.0,1153.6659098080531,48.0,16623.0,3.5,0.24899236,0.9669583152,0.006229297569157954,13.377645297589776,0.0411133639564425,4773.0,6651.0,0.1294783155
45300,2017-03-01,187500.0,118.224580448,1163.5774719526037,41.0,16581.0,2.5,0.2612628913,0.968413924,0.006205746517080553,13.428413987578866,0.040957927012731654,6600.0,7953.0,0.1356060606
45300,2017-04-01,190000.0,118.659549229,1173.366739701363,38.0,16277.0,2.7,0.2490630952,0.9702661511,0.006175614419480858,13.493933991484301,0.040759055168573664,6128.0,7034.0,0.1475195822
45300,2017-05-01,199900.0,121.536217793,1183.0666339970237,35.0,16210.0,2.3,0.26273905,0.9713855912,0.00591829231614319,14.080638279056767,0.039060729286545054,6973.0,7523.0,0.1525885559
45300,2017-06-01,195948.083971551,120.72574759,1190.061573909372,38.393300629,16390.073205287,2.641103063,0.2488175581,0.9682261229,0.0060733514193593895,13.721144649674041,0.040084119367771974,6066.723909679,6773.666353786,0.1418336508
45300,2017-07-01,197942.124230463,120.153413559,1192.2756569695146,37.263512045,16107.253040544,2.546582855,0.2595210163,0.9695021579,0.006023354864987476,13.835036321325328,0.03975414210891734,6012.775916851,6767.228392179,0.1430923072
45300,2017-08-01,197687.048034476,121.320208481,1192.0032793045184,38.080265073,16001.038087631,2.698223779,0.262577813,0.9683795721,0.006029748995476106,13.820365225128807,0.039796343370142304,5747.103518923,6746.825323851,0.1409339313
45300,2017-09-01,199554.557741417,122.033840438,1192.1673830311584,37.125418935,15662.88206375,3.061037355,0.1915784283,0.9697609233,0.0059741425930044155,13.949003063789398,0.03942934111382915,5154.415652405,5065.296879726,0.1384713404
45300,2017-10-01,197134.894547664,121.777417674,1194.1871265500183,39.766819241,15394.568229811,2.848283226,0.2470996673,0.9697768387,0.006057715602760948,13.756560855275575,0.039980922978222255,5536.521568076,6748.828377045,0.1396177827
45300,2017-11-01,204766.013867118,125.365480528,1198.8112376467018,39.490003282,15522.669206274,2.804276234,0.2406607136,0.9704129225,0.00585454204536435,14.233962739975025,0.03863997749940472,5860.602118186,6773.425374925,0.142469849
45300,2017-12-01,204100.0,126.309060819,1204.3562065330282,38.0,15025.0,2.6,0.1691846922,0.9684452951,0.005900814338721353,14.122344569714224,0.038945374635560935,5801.0,4783.0,0.1282537494
45300,2018-01-01,203131.836503528,125.941917429,1210.4115322854684,36.611978361,15883.656521507,2.997042559,0.2450993478,0.9718182143,0.005958748530609804,13.985039460090324,0.039327740302024704,5517.285363048,6822.377457208,0.1413008051
45300,2018-02-01,207568.352782719,127.225365595,1216.7403670751978,33.474455187,15963.644333682,3.098412764,0.2611199612,0.9710553058,0.005861878030842556,14.21614931168321,0.03868839500356087,5566.684509046,6848.679532131,0.1403694183
45300,2018-03-01,205200.0,127.659574468,1223.6992233883548,38.0,16248.0,2.6,0.2653865091,0.9682462032,0.0059634465077405205,13.97402210704282,0.03935874695108744,6315.0,7972.0,0.1330166271
45300,2018-04-01,212000.0,130.68204962,1233.791077669994,35.0,16040.0,2.5,0.2577306733,0.9712200711,0.005819769234292424,14.319009908898066,0.038410476946330006,6320.0,7505.0,0.1463607595
45300,2018-05-01,210145.664871959,127.136605217,1242.5545138688249,40.467629564,16101.970576014,2.709246726,0.2694600052,0.9684461943,0.005912824871385803,14.09365830140041,0.0390246441511463,5992.020953099,6910.149152255,0.1406935064
45300,2018-06-01,221000.0,131.667581412,1251.5673720195614,32.0,16386.0,2.4,0.28286342,0.9728300071,0.005663200778369056,14.714882377405747,0.03737712513723577,6729.0,7350.0,0.1515827017
45300,2018-07-01,213033.504903975,128.849868401,1255.6867622234597,37.263695211,16062.939273681,2.6406264,0.2796343917,0.9689580396,0.005894315839142117,14.137914493815453,0.03890248453833798,5916.251088298,6873.344889314,0.1414128661
45300,2018-08-01,212401.100188458,129.046485416,1259.9721498747058,38.079555644,16423.519265393,2.700929163,0.2753858636,0.9679091639,0.005932041541954185,14.04800231825095,0.039151474176897634,5903.109702305,6969.970935077,0.1387006973
45300,2018-09-01,214576.385578413,130.522434452,1258.035859062854,38.131307369,16784.319154098,2.857358184,0.2743744667,0.9704601279,0.005862881209745831,14.213716831718994,0.038695015984322484,5781.878133546,7011.005113717,0.1425780935
45300,2018-10-01,214711.579876273,130.284752212,1259.5619554105745,37.766930626,17256.282747351,2.959284638,0.2794916325,0.9700695775,0.005866297272538322,14.205439898765196,0.03871756199875293,5926.807365787,7023.007298625,0.1370633224
45300,2018-11-01,215771.977109788,130.743424325,1264.1538015351457,37.493299143,17781.514648352,3.086961153,0.2699828449,0.9712214122,0.005858748751659839,14.22374245178618,0.03866774176095494,6150.792496178,7000.358767454,0.1347692795
45300,2018-12-01,214544.784654881,131.718405595,1268.0041101259626,37.024057,18078.517327869,3.403253085,0.267658562,0.9724988052,0.005910207102753336,14.09990071151848,0.03900736687817202,5563.763863784,6937.390689766,0.1411669952
45300,2019-01-01,218028.76491885,132.216527017,1272.0751500515466,39.609845516,18396.88550384,3.551724807,0.2820253575,0.9708699979,0.005834437261179786,14.283011300473293,0.0385072859237866,5353.146705797,7038.139289663,0.1309710348
45300,2019-02-01,221482.712662149,132.675218037,1273.995787988344,44.465524494,18112.59216128,3.283499828,0.2869585509,0.9706205139,0.005752122920454314,14.48740482179256,0.037964011274998474,5816.21531641,6936.338780302,0.1366745872
45300,2019-03-01,219698.006623274,131.43983401,1283.0456156581204,44.880738789,17627.446581977,3.153891207,0.2948118427,0.970261455,0.005840042135012249,14.269303441105832,0.038544278091080846,5828.545639602,6909.228384633,0.1334836611
45300,2019-04-01,216940.0,132.512768854,1292.607877648432,40.0,17015.0,2.5,0.2888039965,0.9711113086,0.005958365804593122,13.985937766542332,0.03932521431031461,6766.0,7475.0,0.1274017145
45300,2019-05-01,225000.0,135.452980186,1301.8940224793437,39.0,16697.0,2.3,0.296280769,0.972404511,0.005786195655463749,14.402093931034617,0.03818889132606075,7304.0,7615.0,0.1296549836
45300,2019-06-01,220389.521715161,133.165590558,1308.8474832751915,41.38905864,16464.515987882,2.652460652,0.2759332774,0.9694878321,0.005938791795041831,14.032034832894217,0.03919602584727608,6128.488368355,6897.572198312,0.1401043851
45300,2019-07-01,230000.0,136.697529338,1312.6058632425038,35.0,16030.0,2.4,0.2851528384,0.9731674454,0.005706982014097843,14.601996839568914,0.03766608129304576,6807.0,7022.0,0.145144704
45300,2019-08-01,221945.435023972,134.293294293,1317.1470147866842,40.078765743,15655.010828202,2.393031557,0.2565494243,0.9714971805,0.005934553304258864,14.042056589757163,0.039168051808108506,6260.76710577,6765.556519681,0.1382959899
45300,2019-09-01,226000.0,136.363636364,1318.5990370009563,37.0,15722.0,2.7,0.2813891362,0.9725729518,0.005834509013278567,14.282835649696956,0.03850775948763855,5755.0,6419.0,0.1478714162
45300,2019-10-01,225000.0,137.153717273,1319.8205235042096,38.0,15686.0,2.7,0.3064516129,0.9736781973,0.005865868993352043,14.206477067213296,0.038714735356123485,5786.0,6854.0,0.144313861
45300,2019-11-01,229772.33224642,137.130034353,1318.7070649779248,35.494165685,15262.563728901,2.594032318,0.2675669063,0.9753130414,0.005739189971591852,14.520051391541507,0.03787865381250623,6325.123574843,6739.873857001,0.1415490293
45300,2019-12-01,235000.0,140.339425587,1322.9497825434885,40.0,14501.0,2.4,0.1992276395,0.9710912836,0.005629573542738249,14.802779056120055,0.03715518538207244,6084.0,4705.0,0.1339579224
45300,2020-01-01,225000.0,136.923901393,1327.2150264934496,45.0,14768.0,3.3,0.2864301192,0.969350986,0.005898733451081998,14.127326488713877,0.03893164077714119,4438.0,7158.0,0.1237043713
45300,2020-02-01,230000.0,138.815190577,1332.9456455581674,46.0,14525.0,2.7,0.249707401,0.9726738751,0.005795415850252902,14.379180974510538,0.038249744611669155,5319.0,6793.0,0.1462680955
45300,2020-03-01,238729.945247993,142.1985055,1341.610652313876,33.890931216,15040.86271805,2.723849902,0.2528201617,0.9758097937,0.005619783688720781,14.828565999895687,0.037090572345557155,5807.741866091,6589.340764021,0.1587069604
45300,2020-04-01,241000.0,142.215581988,1344.2159792007992,31.0,14514.0,2.9,0.2224748519,0.9765716897,0.005577659664733606,14.94055541972789,0.036812553787241804,5049.0,5000.0,0.1596355714
45300,2020-05-01,243500.0,142.139544688,1347.5712770064165,38.0,13290.0,2.8,0.2470278405,0.9741813391,0.005534173622202943,15.057954271438547,0.036525545906539426,4788.0,6315.0,0.1493316625
45300,2020-06-01,239238.558680514,142.904496484,1350.1675999709548,44.388341253,11512.055722938,1.943613016,0.2381424719,0.9740997412,0.00564360363738024,14.765979095586637,0.03724778400670958,5950.612986809,6384.828621368,0.1624993218
45300,2020-07-01,252990.0,147.612686594,1364.4885203139702,35.0,10658.0,1.4,0.2570838807,0.9782991738,0.005393448437938141,15.450844537078916,0.03559675969039173,7490.0,7056.0,0.1846461949
45300,2020-08-01,253496.069698426,149.850907624,1378.5208556868583,31.077140441,9994.046916974,1.401896099,0.2234382673,0.9774292838,0.005438036405561746,15.324158780567238,0.035891040276707524,6741.572219641,6656.982682189,0.1913557014
45300,2020-09-01,260000.0,150.045745654,1390.1853217939342,23.0,9727.0,1.4,0.235015935,0.9810179852,0.0053468666222843625,15.585452045132651,0.0352893197070768,6725.0,6677.0,0.211598513
45300,2020-10-01,260251.898449249,153.24469183,1397.2922697549072,20.761086699,9517.818673518,1.329059746,0.2370806337,0.983185409,0.005368999335185981,15.521203883786045,0.03543539561222747,7196.477983177,6843.637371704,0.2175283674
45300,2020-11-01,264797.957048941,155.790846624,1404.686536680921,17.48939536,9058.189862884,1.386440484,0.254763608,0.9852933759,0.005304748391322753,15.709196211764901,0.03501133938273017,6949.135065561,6561.897830797,0.2303821235
45300,2020-12-01,264571.78888513,156.921345899,1413.9212439542775,18.00845897,8842.519735279,1.334079204,0.2713786623,0.9848104676,0.0053441874884406675,15.593265302458244,0.03527163742370842,6616.176877526,6773.636862925,0.2360672852
45300,2021-01-01,264000.0,158.68596882,1426.4576144972268,23.0,7415.0,1.5,0.2353337829,0.9807337266,0.005403248539762223,15.42282068279623,0.03566144036243067,4967.0,6110.0,0.2053553453
45300,2021-02-01,274679.479388078,162.924004193,1443.1362261649892,16.455758826,6567.087662613,1.097013808,0.2207256985,0.9875355346,0.005253891660854904,15.861258418064427,0.03467568496164237,6552.611285152,6746.927613107,0.2691504612
45300,2021-03-01,278765.003816706,164.841042889,1460.8797178124173,15.898783034,5740.206417601,0.9477491996,0.2239051249,0.9891447801,0.005240542025759364,15.901663019534354,0.03458757737001181,6610.453181132,6779.70630011,0.2899645541
45300,2021-04-01,283000.0,169.997301673,1486.651915162435,12.0,5887.0,0.8,0.2053677595,0.9959642656,0.005253186979372562,15.863386104578868,0.03467103406385891,7473.0,7559.0,0.3530041483
45300,2021-05-01,293000.0,174.854054054,1522.512028578337,9.0,6027.0,0.9,0.2059067529,1.002737923,0.0051962867869567815,16.037092783737155,0.034295492793914764,6879.0,7406.0,0.417502544
45300,2021-06-01,294278.748304142,177.886471842,1569.8956745543494,12.399908715,6257.418547824,0.9135457548,0.2365069752,1.002882608,0.00533472322959535,15.620929099194212,0.035209173315329315,6461.79451863,6854.890768708,0.3829358342
45300,2021-07-01,305000.0,183.591137237,1621.057564687465,8.0,7093.0,1.0,0.2639221768,1.004687589,0.0053149428350408685,15.67906484034509,0.035078622711269734,6850.0,7845.0,0.4445255474
45300,2021-08-01,310700.0,186.074997539,1675.0694016153936,8.0,6787.0,1.0,0.3328421983,1.003555331,0.005391275833972944,15.457070997594137,0.03558242050422143,6774.0,7235.0,0.4257454975
45300,2021-09-01,314719.951116563,189.237129528,1715.994839410827,11.135639653,6730.672770456,0.9628598149,0.3040681122,0.9979110902,0.005452450133278245,15.283648872773785,0.035986170879636424,6990.274206914,6979.540062917,0.4071846762
45300,2021-10-01,315000.0,193.273092369,1745.5899766587452,10.0,6644.0,1.1,0.298013245,0.9978063681,0.005541555481456334,15.03789569773163,0.03657426617761181,6303.0,6970.0,0.3869585911
45300,2021-11-01,329833.64862283,199.389206341,1759.3060771897965,9.477826517,5813.088307496,0.8623891549,0.2756802482,0.9999789341,0.005333919339447355,15.623283373829093,0.03520386764035255,7056.433599295,6865.242127403,0.4304165478
45300,2021-12-01,335000.0,199.356913183,1779.350532596353,12.0,5318.0,0.8,0.2194433998,0.9982232065,0.005311494127153293,15.6892451235743,0.035055861239211734,6816.0,5188.0,0.3698650235
45300,2022-01-01,335000.0,201.834862385,1792.5893866088752,12.0,4753.0,0.9,0.2091310751,0.9965572987,0.005351013094354851,15.573374959827206,0.03531668642274202,5102.0,6048.0,0.3765190122
45300,2022-02-01,345000.0,210.766529122,1809.34337058028,10.0,4658.0,0.8,0.1803349077,1.004526975,0.005244473537913855,15.889742360389837,0.03461352535023145,5526.0,6022.0,0.4209192906
45300,2022-03-01,358801.508851247,215.432967148,1824.3691385426475,5.905535513,4937.611189718,0.8328523311,0.2275917764,1.012619712,0.0050846194721522195,16.389295952182625,0.03355848851620465,6039.039057379,6938.54929212,0.4225171437
45300,2022-04-01,364441.976486126,223.226385603,1849.308961146647,10.456249991,5938.430536628,0.9828433363,0.2549039322,1.016279252,0.005074357731722621,16.422439595137433,0.0334907610293693,5768.926686902,7050.145146831,0.4113781105
45300,2022-05-01,375000.0,230.897036124,1875.1421447986447,8.0,7051.0,1.1,0.3169763154,1.015110644,0.005000379052796386,16.66540325312547,0.03300250174845615,6505.0,7915.0,0.5080707148
45300,2022-06-01,378648.440666664,226.750309193,1898.7137367567248,12.413928226,9610.635362569,1.71120204,0.370860806,1.005288689,0.005014450167584928,16.618638245131578,0.03309537110606053,5518.769508911,7328.706888379,0.3493526491
45300,2022-07-01,374105.416585054,227.454934049,1915.5055323932936,15.277877781,11402.123056753,2.126068373,0.4352443596,0.9925164189,0.005120229345724529,16.275312628899712,0.0337935136817819,5141.548577263,7187.226341048,0.3042227357
45300,2022-08-01,372000.0,226.315789474,1920.748772467628,16.0,12005.0,2.1,0.4916284881,0.9845150574,0.0051633031517946985,16.139539144504372,0.03407780080184501,5623.0,7151.0,0.2575137827
45300,2022-09-01,364762.702715594,226.423741505,1916.1546226410903,22.135915303,12296.475376032,2.791195537,0.3931072869,0.9795756686,0.005253153922743902,15.863485928431633,0.03467081589010976,4550.785089818,5731.051062065,0.2379281998
45300,2022-10-01,371390.0,222.623345367,1909.2229372628267,25.0,12985.0,2.6,0.4439738159,0.9772094285,0.0051407494473809925,16.21034718503707,0.033928946352714554,4964.0,5663.0,0.1672038678
45300,2022-11-01,365940.0,216.458583293,1907.7283325581143,31.0,13278.0,3.2,0.4255158909,0.9741150851,0.005213227120725021,15.984980397658921,0.03440729899678515,4157.0,5276.0,0.1477026702
45300,2022-12-01,360571.796553981,220.796623436,1907.7205654628635,29.981746869,13108.317299146,2.991263412,0.3959612172,0.9744782908,0.005290820257422046,15.75055081798177,0.03491941369898551,4520.740604414,5790.910420084,0.179033761
45300,2023-01-01,354990.0,215.464920576,1911.1444747166088,40.0,12089.0,3.5,0.4212920837,0.9714069016,0.005383657214897909,15.478944889494342,0.03553213761832621,3474.0,5650.0,0.1344271733
45300,2023-02-01,355000.0,216.813201295,1913.6968790224885,43.0,11332.0,2.5,0.3684256971,0.9720764342,0.005390695433866164,15.458735214348275,0.03557858986351669,4480.0,5358.0,0.1285714286
45300,2023-03-01,365849.260954318,221.403023972,1928.111924174052,33.907461013,10793.045601283,2.148534668,0.3748224629,0.9759249406,0.005270235941285138,15.812068807115427,0.034783557212481914,5100.900927278,5703.685434341,0.1654535872
45300,2023-04-01,365000.0,221.896540073,1937.192571380889,31.0,10246.0,1.9,0.3430607066,0.9783517985,0.005307376907892847,15.701416119402499,0.03502868759209279,5317.0,5847.0,0.1752868159
45300,2023-05-01,365075.116689072,223.35221051,1944.6762793270325,28.49735569,10228.222554833,2.015060821,0.3424842271,0.9776388146,0.005326783969731026,15.64421118011685,0.035156774200224776,5068.497147528,5732.546720117,0.1675010829
45300,2023-06-01,370525.607397787,223.548272444,1943.757939614688,29.424929896,10473.360422593,2.052235874,0.3274759462,0.9774103615,0.00524594765059765,15.885277338564272,0.03462325449394449,5040.822982845,5771.598207514,0.1607590195
45300,2023-07-01,374042.205657002,225.73962557,1948.5735897599027,26.285031363,10365.081446655,2.025536663,0.3274622765,0.9792753829,0.005209501923284966,15.996410896953018,0.03438271269368078,4797.058613035,5843.266802801,0.1663862374
45300,2023-08-01,380000.0,227.516059957,1956.1933389456772,24.0,11237.0,2.2,0.3675358192,0.9804445321,0.005147877207751782,16.187902308129697,0.03397598957116177,5147.0,6236.0,0.1779677482
45300,2023-09-01,382395.271504595,231.270200038,1957.381741536898,27.136894462,12435.7464627,2.410636365,0.3584141472,0.9780144632,0.005118739397156425,16.280050002081932,0.033783680021232415,5217.541959102,6941.611998019,0.1581606752
45300,2023-10-01,373296.936801951,228.101948558,1954.915717034846,25.734421479,13506.530547892,2.947060269,0.3751141117,0.9774053781,0.005236891933222606,15.912746414465884,0.0345634867592692,4767.462944985,6170.359246057,0.157755425
45300,2023-11-01,378985.0,223.043746149,1948.2091582768328,28.0,14920.0,3.7,0.3569034853,0.9760102367,0.005140597011166228,16.21082787705777,0.03392794027369711,4034.0,5914.0,0.1398116014
45300,2023-12-01,374483.876964215,227.638775142,1945.601858970307,31.973057852,15054.142517375,3.700930295,0.3516139321,0.9746823906,0.005195422229502887,16.039761476962173,0.03428978671471906,4281.333977772,6151.43478144,0.1416171612
45300,2024-01-01,380741.803401707,225.415912689,1944.7970315514256,36.585062261,15392.485087317,3.569397278,0.3630878994,0.9752289484,0.005107915690307167,16.31454753481298,0.0337122435560273,4499.585055624,6249.305950317,0.1363725664
45300,2024-02-01,371400.0,223.466992665,1947.021612936037,48.0,16272.0,3.7,0.3674410029,0.9723423315,0.005242384525945172,15.896074185498403,0.034599737871238136,4422.0,7060.0,0.1171415649
45300,2024-03-01,373895.792464063,230.055889341,1952.661533274051,37.91410855,16865.561668525,3.658238405,0.3903708686,0.9741054371,0.005222475279557288,15.956673583411877,0.0344683368450781,4761.36189633,6443.107960537,0.1342169544
45300,2024-04-01,375000.0,230.187268834,1956.127425287928,35.0,17459.0,3.2,0.4042614125,0.974120149,0.0052163398007678075,15.975441883802752,0.03442784268506753,5501.0,7404.0,0.1336120705
45300,2024-05-01,379954.760992245,223.480826218,1959.6818548233407,43.506885673,18278.686153208,3.557504839,0.3897698847,0.9725118711,0.005157671533594334,16.157161771653012,0.034040632121722605,5089.881327462,6556.657275756,0.1276536147
45300,2024-06-01,390000.0,230.638809811,1960.4809939573397,37.0,18931.0,3.8,0.3901008927,0.9756048052,0.0050268743434803585,16.577564434530398,0.033177370666970366,4940.0,6835.0,0.1382591093
45300,2024-07-01,380000.0,227.407243297,1965.8912709333545,39.0,19170.0,3.7,0.4118935837,0.9738532004,0.0051733980814035645,16.10804581864395,0.03414442733726353,5136.0,6597.0,0.1316199377
45300,2024-08-01,371636.854970785,223.454246866,1966.4742926559425,44.079692363,19163.991726133,3.958871944,0.3553985037,0.9705307851,0.005291386648965508,15.748864874507973,0.034923151883172354,4771.330886366,6469.199054099,0.1242851918
45300,2024-09-01,371236.823080297,221.538229889,1966.375315586082,44.132468061,18679.827162614,4.638797504,0.338687031,0.9719367031,0.005296821848841119,15.732704574832107,0.034959024202351384,4093.201098301,6350.8234369,0.1236602283
45300,2024-10-01,377328.494596147,221.001797363,1971.17330353548,52.721179818,17850.172179827,4.750032518,0.2632151763,0.9715029938,0.005224024508525968,15.95194149593433,0.03447856175627139,3895.317303324,4826.634728208,0.1200908702
45300,2024-11-01,379000.0,219.505021396,1981.4168727944736,54.0,18057.0,4.9,0.3238633217,0.967859539,0.005228012856977503,15.939772072693648,0.03450488485605153,3698.0,5803.0,0.1165494862
45300,2024-12-01,379387.889566336,223.678580305,1992.7064466151005,52.96341677,18262.914568107,4.061212144,0.3606738587,0.971139778,0.005252425028360521,15.865687350771154,0.03466600518717944,4703.225691612,6543.047503797,0.1300313161
45300,2025-01-01,360990.0,220.723482526,1999.801460873816,54.0,19121.0,5.6,0.3540086816,0.9636909334,0.00553976969133166,15.04274328655376,0.03656247996278896,3421.0,7322.0,0.1122478807
45300,2025-02-01,376050.31413253,222.314017151,2007.3241205531297,47.428479341,19830.700542994,4.474742445,0.3707981321,0.9697183274,0.005337913691638869,15.611592496121453,0.03523023036481654,4666.276913181,6535.066980872,0.1221286849
45300,2025-03-01,370000.0,224.052200318,2015.7608837269463,49.0,20525.0,4.1,0.3872838002,0.9679874883,0.0054480023884512065,15.296126431586217,0.03595681576377796,5000.0,7647.0,0.1244
45300,2025-04-01,372277.660528448,221.325629554,2016.984435156117,45.488750868,21492.563291347,4.85785993,0.3812787139,0.9674837222,0.005417957210467607,15.380950807867508,0.03575851758908621,4426.063412935,6664.300258583,0.1271437783
45300,2025-05-01,379071.5,224.171539961,2014.4212899185472,42.0,21906.0,4.3,0.3941385922,0.9716395276,0.0053140932249418574,15.681571588207339,0.03507301528461626,5096.0,7053.0,0.1367739403
45300,2025-06-01,380000.0,224.07659678,2010.9048787829936,45.0,21643.0,4.4,0.4003141893,0.9695732806,0.005291854944165773,15.74747120104032,0.0349262426314941,4946.0,6077.0,0.1376870198
45300,2025-07-01,375000.0,219.298245614,2007.301140111009,50.0,21158.0,4.5,0.3767369317,0.9685319396,0.005352803040296024,15.5681673145823,0.03532850006595376,4657.0,5888.0,0.1236847756
45300,2025-08-01,376000.0,222.366531784,2004.306818229647,55.0,20356.0,4.6,0.355128709,0.9667384805,0.005330603239972465,15.633002416770335,0.03518198138381828,4461.0,5380.0,0.1109616678
45300,2025-09-01,369812.884063264,220.345808712,1996.6392945554037,60.127631344,19700.640027682,4.630619163,0.3538101545,0.966488659,0.005399052819949447,15.434806087730328,0.035633748611666356,4347.12164197,5801.639521652,0.1261789218
45300,2025-10-01,370000.0,223.493832073,1989.5961884000803,61.0,19772.0,4.7,0.3584361724,0.9670951334,0.005377286995675893,15.497282068140542,0.035490094171460894,4163.0,5728.0,0.1258707663
45300,2025-11-01,370000.0,219.503012048,1981.8291154883416,62.0,19025.0,5.5,0.2967148489,0.9645613352,0.005356294906725247,15.558018142111969,0.03535154638438664,3442.0,4610.0,0.1179546775
45300,2025-12-01,384329.971128401,225.736585462,1979.4946004449616,58.958237318,18704.789864464,4.554058779,0.3427944392,0.9679184217,0.005150508024740104,16.179633724100132,0.033993352963284686,4381.664115897,5755.757416844,0.1185540457
45300,2026-01-01,382940.241494469,228.328799534,1977.9499902189816,57.581749567,18861.35748858,4.819492223,0.3556709313,0.968885532,0.005165166195382864,16.133717712282888,0.034090096889526904,4097.779476415,5885.105971607,0.1222526431
45300,2026-02-01,382000.0,227.210528935,1982.4286893651845,66.0,18898.0,5.1,0.3288178643,0.9637658353,0.0051896038988617395,16.057744474797243,0.03425138573248748,3699.0,6092.0,0.1192214112
45300,2026-03-01,375000.0,223.772858518,1986.5371772261465,56.0,18506.0,3.7,0.3825786231,0.9698275434,0.005297432472603057,15.7308910994735,0.03496305431918018,5053.0,6381.0,0.1401147833
45300,2026-04-01,380283.556810744,225.410309517,1993.1726888348865,52.49345383,18184.151822142,4.285635368,0.3605457074,0.9683563982,0.005241280231916076,15.89942335574544,0.0345924495306461,4207.189202039,5884.962839902,0.1328357845
45300,2026-05-01,382534.793694079,225.675559342,1995.7642681973705,52.522878768,17562.479290123,3.956313446,0.3665552193,0.9691004109,0.005217209783519521,15.97277793899957,0.034433584571228845,4317.087585437,5895.170563551,0.1352443783
